TV's,Preços
"Samsung Smart TV 70"" Crystal UHD 4K 70DU8000 - Painel Dynamic Crystal Color, Gaming Hub","R$ 4499,00"
Smart TV 32” Philco PTV32K34RKGB Roku TV Led Dolby Audio,"R$ 1171,66"
"Samsung Smart TV 50"" Crystal UHD 4K 50DU8000 - Painel Dynamic Crystal Color, Gaming Hub","R$ 2551,27"
"Samsung Smart TV 43"" UHD 4K 43DU7700 - Processador Crystal 4K, Gaming Hub","R$ 1999,38"
Smart TV 40” PTV40E3ERSGB Roku TV Led Dolby Audio,"R$ 1330,33"
"Samsung UN32T4300AGXZD - Smart TV LED 32"" HD, Wifi, HDMI, USB","R$ 1139,00"
"Smart TV Philips 50"" 4K HDR 50PUG7019/78, Google TV, Comando de Voz","R$ 2234,64"
"Smart TV 32"" LG HD 32LR600B Processador α5 Ger6 AI Alexa integrado LG Channels webOS 23 compatível com Controle Smart Magic","R$ 1199,00"
"Smart TV 4K 50"" LG UHD 50UT8050 Processador α5 Ger7 AI Alexa/Chromecast integrado Otimizador de Jogos webOS 24 Controle Smart Magic","R$ 2399,00"
"Samsung Smart TV 55"" Crystal UHD 4K 55DU8000 - Painel Dynamic Crystal Color, Gaming Hub","R$ 2798,99"
"Smart TV 4K 65"" LG UHD 65UT8050 Processador α5 Ger7 AI Alexa/Chromecast integrado Otimizador de Jogos webOS 24 Controle Smart Magic","R$ 3599,00"
"Smart TV 32"" HD AOC Roku 32S5045/78G TV HDMI 1 USB Wifi Conversor Digital","R$ 989,10"
"Smart TV 43"" LG Full HD 43LR6700 Processador α5 Ger6 AI Alexa integrado LG Channels webOS 23 compatível com Controle Smart Magic","R$ 1779,00"
TCL QLED TV 55” C655 4K UHD GOOGLE TV DOLBY VISION ATMOS,"R$ 2499,00"
"Samsung Smart TV LED 43"" FULL HD UN43T5300 - Wifi, HDMI","R$ 1796,67"
"Smart TV Philips 43"" Full HD 43PFG6909/78, Google TV, Comando de Voz, HDR","R$ 1649,00"
"Samsung Smart Big TV 75"" Crystal UHD 4K 75DU8000 - Painel Dynamic Crystal Color, Gaming Hub","R$ 5318,98"
"Smart TV 4K 55"" LG NanoCell 55NANO80T Processador α5 Ger7 AI Hub de Esportes Alexa/Chromecast integrado webOS 24 Controle Smart Magic","R$ 2823,50"
"Samsung Smart TV 65"" Crystal UHD 4K 65DU8000 - Painel Dynamic Crystal Color, Gaming Hub","R$ 3899,00"
"Smart TV 4K 55"" LG QNED 55QNED80T Processador α5 Ger7 AI Quantum Dot Nanocell Local Dimming Design Super Slim Alexa/Chromecast integrado webOS 24","R$ 3275,00"
"Samsung Smart TV QLED 32"" Full HD QN32LS03C - Gaming Hub, Tela Matte, Modo Arte, Suporte de parede incluso","R$ 1999,00"
"Smart TV 4K 55"" LG OLED evo OLED55C4 Processador α9 Ger7 AI Painel 144Hz Intensificador de Brilho Design Ultra Slim Dolby Vision Dolby Atmos","R$ 5629,00"
Smart TV 32” Philco LED Roku TV PTV32G7PR2CGB,"R$ 970,52"
"TCL LED SMART TV 32” S5400AF FHD ANDROID TV, PRETO","R$ 1043,10"
"Patrocinado
Suporte TV Tri Articulado Universal de Parede Para Televisões de 26 a 60 Polegadas Feito em Aço Carbono Suporta 30KG (Triarticulado)","R$ 114,90"
"Patrocinado
Monitor Gamer AOC Hero 27"" 165Hz 1ms Ajuste de Altura 27G2S/BK","R$ 999,00"
"Patrocinado
Monitor Gamer AOC Agon 32"" Curvo 165Hz 1ms FreeSync AG323FCXE","R$ 1999,00"
"Smart TV 43"" HD AOC Roku 43S5045/78G TV HDMI 1 USB Wifi Conversor Digital","R$ 1649,00"
TCL LED SMART TV 65” P755 4K UHD GOOGLE TV,"R$ 3089,00"
"Samsung Smart TV 55"" QLED 4K 55Q70D - Tecnologia de Pontos Quânticos, Upscaling 4K AI, Painel até 120Hz","R$ 3670,00"
"Smart TV 4K 70"" LG NanoCell 70NANO80T Processador α5 Ger7 AI Hub de Esportes Alexa/Chromecast integrado webOS 24 Controle Smart Magic","R$ 4248,99"
"Smart TV LG 43"" 4K 43UR781C webOS 23, Wi-Fi, Inteligência Artificial ThinQ, built-in, Google Assistente, Alexa AppleAirplay & HomeKit Design Ultrafino","R$ 2199,90"
TCL QLED TV 65” C655 4K UHD GOOGLE TV DOLBY VISION ATMOS,"R$ 3703,27"
"Smart TV 55"" 4K 120 Hz Philips THE ONE 55PUG8808/78, Google TV, Ambilight, P5, DTS Play-Fi, Freesync, Dolby Vision Atmos, 40 WRMS","R$ 3199,00"
"Smart TV 4K 65"" LG NanoCell 65NANO80T Processador α5 Ger7 AI Hub de Esportes Alexa/Chromecast integrado webOS 24 Controle Smart Magic","R$ 4361,72"
Smart TV Philco PTV58G7UR2CSBL 58” 4K Led Dolby Audio,"R$ 2249,00"
"Samsung Smart TV 65"" QLED 4K 65Q60D - Tecnologia de Pontos Quânticos, Design AirSlim, Gaming Hub","R$ 4572,20"
"Smart TV 4K 70"" LG UHD 70UT8050 Processador α5 Ger7 AI Alexa/Chromecast integrado Otimizador de Jogos webOS 24 Controle Smart Magic","R$ 4464,05"
"Smart TV Philips Ambilight 50"" 4K 50PUG7908/78, Google TV, Comando de Voz, Dolby Vision/Atmos, VRR/ALLM, Bluetooth","R$ 2399,00"
"Smart TV 4K 55"" LG UHD 55UT8050 Processador α5 Ger7 AI Alexa/Chromecast integrado Otimizador de Jogos webOS 24 Controle Smart Magic","R$ 2649,00"
"Samsung Smart TV 55"" OLED 4K 55S90D - Processador com AI, Painel até 144hz","R$ 5710,00"
"Samsung Smart Big TV 75"" QLED 4K 75Q60D 2024, Tecnologia de Pontos Quânticos, Design AirSlim","R$ 6299,00"
2022 Smart TV LG 60' 4K UHD 60UQ8050 WiFi Bluetooth HDR Nvidia GEFORCE NOW ThinQAI Smart Magic Google Alexa,"R$ 3039,00"
Smart TV 42” Philco PTV42G6FR2CPF Roku TV LED Dolby Áudio,"R$ 2034,69"
"TCL LED TV 40"" S5400A FHD Android TV","R$ 1439,47"
"Smart TV 4K 50"" LG NanoCell 50NANO80T Processador α5 Ger7 AI Hub de Esportes Alexa/Chromecast integrado webOS 24 Controle Smart Magic","R$ 2577,99"
"Smart TV 4K 43"" LG UHD 43UT8000 Processador α5 Ger7 AI Alexa/Chromecast integrado Otimizador de Jogos webOS 24 compatível com Controle Smart Magic","R$ 2184,05"
"Smart TV 4K 55"" LG QNED 55QNED85T Processador α8 AI Painel 120Hz Quantum Dot Nanocell Local Dimming Design Super Slim FreeSync webOS 24","R$ 3799,01"
TCL LED SMART TV 50” P755 4K UHD GOOGLE TV,"R$ 2088,15"
"Smart TV 75"" 4K 120 Hz Philips THE ONE 75PUG8808/78, Google TV, Ambilight, P5, DTS Play-Fi, Freesync, Dolby Vision Atmos, 50W RMS 2.1","R$ 5499,00"
"Smart TV 65"" 4K 120 Hz Philips THE ONE 65PUG8808/78, Google TV, Ambilight, P5, DTS Play-Fi, Freesync, Dolby Vision Atmos, 40 W RMS","R$ 4199,00"
"Patrocinado
Suporte TV Tri Articulado Universal de Parede Para Televisões de 26 a 60 Polegadas Feito em Aço Carbono Suporta 30KG (Triarticulado)","R$ 114,90"
"Patrocinado
Monitor Gamer AOC Agon 32"" Curvo 165Hz 1ms FreeSync AG323FCXE","R$ 1999,00"
"Patrocinado
Monitor Gamer AOC Hero 27"" 165Hz 1ms Ajuste de Altura 27G2S/BK","R$ 999,00"
"Samsung Smart TV 55"" QLED 4K 55Q60D - Tecnologia de Pontos Quânticos, Design AirSlim","R$ 3189,00"
Samsung Smart TV 55 polegadas QLED The Frame LS03D - Tela Matte,"R$ 4399,00"
"Smart TV Aiwa 43”, Android, Full HD, Borda Ultrafina, HDR10, Dolby Áudio - AWS-TV-43-BL-02-A","R$ 1579,94"
"Smart TV Aiwa 32”, Android, HD, Borda Ultrafina, HDR10, Dolby Áudio - AWS-TV-32-BL-02-A","R$ 1035,90"
"SMART TV LG 32"" 32LR651CBSA ThinQ AI Amazon Alexa Apple Airplay 2 HDR 10 Otimizador de Games AI Sound","R$ 1069,00"
TCL LED SMART TV 43” P755 4K UHD GOOGLE TV,"R$ 1778,01"
Britânia Smart TV 32” BTV32G7PR2CSGBLH LED Dolby Áudio,"R$ 1029,00"
"HQ Smart TV LED 24"" 2 HDMI 2 USB WI-FI Androind 11 e Processador Quad Core","R$ 774,88"
TCL LED SMART TV 55” P755 4K UHD GOOGLE TV,"R$ 2246,75"
"Smart TV LG 43"" 43LR671C0SA ThinQ AI Amazon Alexa Apple Airplay 2 HDR 10 Otimizador de Games AI Sound","R$ 1699,00"
"Samsung Smart Gaming TV 43"" Neo QLED 4K 43QN90D - Processador com AI, Upscaling 4K, Mini LED, Painel até 144hz","R$ 3466,00"
"Smart TV LG 50"" 4K 50UR871C0SA UHD Wi-Fi, Inteligência Artificial ThinQ, built-in, Google Assistente Design Ultrafino","R$ 2329,00"
"Samsung Smart TV 65"" QLED 4K 65Q70D - Tecnologia de Pontos Quânticos, Upscaling 4K AI, Painel até 120Hz","R$ 5143,90"
"Samsung Smart Gaming TV 50"" Neo QLED 4K 50QN90D - Processador com AI, Upscaling 4K, Mini LED, Painel até 144hz","R$ 4865,84"
"Smart TV Philips 70"" 4K 70PUG7408/78, Google TV, Comando de Voz, Dolby Vision/Atmos, VRR/ALLM, Bluetooth","R$ 3847,89"
"Samsung Smart TV 55"" Neo QLED 4K 55QN85D - Processador com AI, Upscaling 4K, Mini LED, Painel 120hz","R$ 4078,98"
SMART TV SAMSUNG SMART TV UHD CRYSTAL 4K 55,"R$ 2392,96"
"Samsung Smart TV Neo QLED 55"" 4K UHD QN85C - Alexa built in, Mini Led, Processador com IA, Preto Titan","R$ 4999,00"
"AOC 43S5135/78G - Smart TV LED 43"" Full HD, Design sem bordas, Wifi, Conversor Digital, USB, HDMI","R$ 1594,00"
"Samsung Smart TV 58"" UHD 4K 58CU7700, Processador Crystal 4K, Gaming Hub, Visual Livre de Cabos, Tela sem limites, Alexa built in, Controle Único",N/A
"Samsung Smart TV 50"" QLED 4K 50Q60D - Tecnologia de Pontos Quânticos, Design AirSlim",N/A
"Samsung Smart TV LED 32"" HD LS32BETBL - Wifi, HDMI, USB","R$ 1119,90"
"Smart TV 4K 65"" LG QNED 65QNED85T Processador α8 AI Painel 120Hz Quantum Dot Nanocell Local Dimming Design Super Slim FreeSync webOS 24","R$ 5599,00"
"Smart TV 4K 65"" LG OLED evo OLED65C4 Processador α9 Ger7 AI Painel 144Hz Intensificador de Brilho Design Ultra Slim Dolby Vision Dolby Atmos","R$ 10199,00"
"Patrocinado
Suporte TV Tri Articulado Universal de Parede Para Televisões de 26 a 60 Polegadas Feito em Aço Carbono Suporta 30KG (Triarticulado)","R$ 114,90"
"Patrocinado
Monitor Gamer AOC Agon 32"" Curvo 165Hz 1ms FreeSync AG323FCXE","R$ 1999,00"
"Patrocinado
Monitor Gamer AOC Hero 27"" 165Hz 1ms Ajuste de Altura 27G2S/BK","R$ 999,00"
"Samsung Smart TV 43"" Crystal UHD 4K 43DU8000 - Painel Dynamic Crystal Color, Gaming Hub","R$ 2549,00"
"Smart TV 4K 75"" LG UHD 75UT8050 Processador α5 Ger7 AI Alexa/Chromecast integrado Otimizador de Jogos webOS 24 Controle Smart Magic","R$ 5319,04"
"Smart TV Philips 32"" HD 32PHG6909/78 Google TV, Comando de Voz, HDR","R$ 1099,00"
"Smart TV 55"" Mini LED 4K 120 Hz Philips THE XTRA 55PML9118/78, Google TV, Ambilight, P5, DTS Play-Fi, Freesync, Dolby Vision Atmos, 40 WRMS","R$ 3899,00"
"Smart TV 4K 48"" LG OLED evo Gaming TV OLED48C4 Processador α9 Ger7 AI Painel 144Hz Design Ultra Slim Dolby Vision Dolby Atmos G-Sync FreeSync","R$ 5199,00"
"Smart TV HQ 43"" Full HD tela sem bordas Android 12 design Slim HQS43NKHM","R$ 1398,00"
"Hisense Smart TV UHD 4K DLED 58"" Polegadas 58A6K com HDR10+ Dolby Vision Game Mode Controle por Voz Alexa Built-In AirPlay","R$ 2446,00"
"TCL LED TV 43"" S5400A FHD Android TV","R$ 1678,00"
"Smart TV 4K 75"" LG NanoCell 75NANO80T Processador α5 Ger7 AI Hub de Esportes Alexa/Chromecast integrado webOS 24 Controle Smart Magic","R$ 5594,55"
"Smart TV 32"" LG HD 32LR650BPSA Processador α5 Ger6 AI Alexa integrado LG Channels webOS 23 compatível com Controle Smart Magic","R$ 1249,00"
"Smart TV Philips 32"" HD 32PHG6918/78, Google TV, Comando de Voz, HDR, 3 HDMI, Wifi 5G, Bluetooth","R$ 1233,57"
"Samsung Combo Smart Big TV 75"" Crystal UHD 4K 75DU8000 2024 + Soundbar HW-B550/ZD","R$ 5799,00"
Samsung Smart TV 43 polegadas QLED The Frame LS03D - Tela Matte,"R$ 3485,39"
"Samsung Smart TV 65"" Neo QLED 8K 65QN800D - Processador com AI, Upscaling 8K AI, Mini LED, Painel até 165hz","R$ 10509,21"
"Samsung Smart TV 70"" UHD 4K 70DU7700 - Processador Crystal 4K, Gaming Hub","R$ 3853,05"
"Samsung Smart TV 50"" UHD 4K 50DU7700 - Processador Crystal 4K, Gaming Hub","R$ 2479,00"
"Smart TV 4K 55"" LG OLED evo OLED55G4 Processador α11 AI Painel 144Hz Intensificador de Brilho Máximo Design Onewall Dolby Vision Dolby Atmos","R$ 8999,01"
"Smart TV LED 43"" Full HD Samsung LH43BETMLGGXZD, 2 HDMI, 1 USB, Wi-Fi, HDR, Sistema Operacional Tizen e Dolby Digital Plus","R$ 1944,90"
"TCL Premium 4K QD-Mini LED 65"" C755 Google TV Dolby Vision IQ","R$ 5604,00"
"Smart TV LED 32"" HQ HD 3 HDMI 2 USB WI-FI Android 11 Design Slim","R$ 949,00"
"TV LG 55"" LED 4K UHD Smart Pro 55UR871C0SA","R$ 2610,82"
"Hisense Smart TV UHD 4K QLED 75"" Polegadas 75Q6N Google TV com HDR10+, Dolby Atmos, Modo Esporte, Modo Jogo Plus e Compatível com Alexa","R$ 5366,00"
"Samsung Smart TV OLED 55"" 4K UHD 55S90C - Alexa built in, Processador com IA, Painel de Pontos Quanticos","R$ 5599,00"
2022 Apple TV 4K Wi‑Fi - 64 GB (3ª geração),"R$ 1371,73"
"Patrocinado
Suporte TV Tri Articulado Universal de Parede Para Televisões de 26 a 60 Polegadas Feito em Aço Carbono Suporta 30KG (Triarticulado)","R$ 114,90"
"Patrocinado
Monitor Gamer AOC Agon 32"" Curvo 165Hz 1ms FreeSync AG323FCXE","R$ 1999,00"
"Patrocinado
Monitor Gamer AOC Hero 27"" 165Hz 1ms Ajuste de Altura 27G2S/BK","R$ 999,00"
Smart TV 42” Philco PTV42M9GR2CMB LED Roku TV,"R$ 1449,00"
"Smart TV 4K 65"" LG UHD 65UT9050 Processador α5 Ger7 AI Design Super Slim Alexa/Chromecast integrado webOS 24 Controle Smart Magic","R$ 3633,15"
"Smart TV LED 32"" HD AOC 32S5135/78G - Design sem bordas, Wifi, Conversor Digital, USB, HDMI","R$ 1044,00"
"Smart TV 50"" HQ UDE50HR315LN 4K com Conversor Digital 3 HDMI 2 USB WI-FI Android 11 Design Slim e Tela Frameless","R$ 1989,00"
TCL LED SMART TV 75” P755 4K UHD GOOGLE TV,N/A
"Samsung Smart TV 60"" UHD 4K 60DU7700 - Processador Crystal 4K, Gaming Hub","R$ 3699,00"
SMART TV SAMSUNG BE50D-H UHD 4K 3HDMI 1USB TIZEN,N/A
"TCL Premium 4K QD-Mini LED 75"" C755 Google TV Dolby Vision IQ","R$ 8599,00"
"Smart TV 4K 42"" LG OLED evo Gaming TV OLED42C4 Processador α9 Ger7 AI Painel 144Hz Design Ultra Slim Dolby Vision Dolby Atmos G-Sync FreeSync","R$ 5999,00"
TCL QLED TV 50” C655 4K UHD GOOGLE TV DOLBY VISION ATMOS,N/A
"Smart TV 50"" 4K LG UHD ThinQ AI 50UR8750PSA HDR Bluetooth Alexa Google Assistente Airplay2 3 HDMI","R$ 2499,00"
"Smart TV 65"" Mini LED 4K 120 Hz Philips THE XTRA 65PML9118/78, Google TV, Ambilight, P5, DTS Play-Fi, Freesync, Dolby Vision Atmos, 40 WRMS","R$ 5199,00"
"Smart TV 4K 55"" LG UHD 55UT9050 Processador α5 Ger7 AI Design Super Slim Alexa/Chromecast integrado webOS 24 Controle Smart Magic","R$ 2754,05"
"Smart TV 75"" Mini LED 4K 120 Hz Philips THE XTRA 75PML9118/78, Google TV, Ambilight, P5, DTS Play-Fi, Freesync, Dolby Vision Atmos, 40 WRMS","R$ 6799,00"
"Smart TV 4K 65"" LG OLED evo OLED65G4 Processador α11 AI Painel 144Hz Intensificador de Brilho Máximo Design Onewall Dolby Vision Dolby Atmos","R$ 14732,79"
"Samsung Smart TV 85 polegadas QLED 4K 85Q70D 2024, Tecnologia de Pontos Quânticos, Processador com AI, Painel até 120Hz, Design AirSlim 85""","R$ 12238,98"
"Smart TV 40"" AOC Roku TV DLED Full HD 40S5045/78G - 220V","R$ 1329,00"
"Smart TV 50"" QLED 4K 50Q60D 2024 + Soundbar HW-B550/ZD Combo","R$ 3599,00"
"Samsung Smart TV 65"" Neo QLED 4K 65QN85D - Processador com AI, Upscaling 4K, Mini LED, Painel 120hz","R$ 7599,00"
"Smart TV LG 43"" Full HD 43LM6370 WiFi Bluetooth HDR ThinQAI compatível com Inteligência Artificial","R$ 1799,00"
"HQ Smart TV 60"" UHD 4K, HDR, Tela sem bordas, Android 11, Sistema Ultrasound, Design Slim, Processador Quad Core, Espelhamento de tela, HQSTV60NK","R$ 2429,00"
"LG TV HOTEL 65""LED 4K UHD SMART 65UR871C ULTRAFINO, HDMI/USB, THINQ AI WEBOS 23, GOOGLE ASSISTENTE ALEXA","R$ 3599,00"
Samsung Smart TV 65 polegadas QLED The Frame LS03D - Tela Matte,"R$ 7399,00"
"Samsung AI TV 65"" OLED 4K 65S90D 2024, Processador com AI, Painel até 144hz, Design LaserSlim, AI Energy Mode, Alexa built in","R$ 9310,91"
"Patrocinado
Suporte TV Tri Articulado Universal de Parede Para Televisões de 26 a 60 Polegadas Feito em Aço Carbono Suporta 30KG (Triarticulado)","R$ 114,90"
"Patrocinado
Monitor Gamer AOC Agon 32"" Curvo 165Hz 1ms FreeSync AG323FCXE","R$ 1999,00"
"Patrocinado
Monitor Gamer AOC Hero 27"" 165Hz 1ms Ajuste de Altura 27G2S/BK","R$ 999,00"
"Smart TV 4K 65"" LG QNED 65QNED80T Processador α5 Ger7 AI Quantum Dot Nanocell Local Dimming Design Super Slim Alexa/Chromecast integrado webOS 24","R$ 4274,06"
"Multi Roku TV 32"" Smart com imagem HD 3 HDMI 2 USB compatível com Alexa e Google Home - TL052M","R$ 949,00"
"Smart TV Philips 50"" 4K 50PUG7408/78, Google TV, Comando de Voz, Dolby Vision/Atmos, VRR/ALLM, Bluetooth","R$ 2579,00"
Smart TV 24” Philco PTV24G5YR2CP Roku TV Dolby Audio,"R$ 1029,90"
"Smart TV Philips 43"" Full HD 43PFG6918/78, Google TV, Comando de Voz, HDR, 3 HDMI, Wifi 5G, Bluetooth","R$ 1948,73"
"Smart TV 55"" 4K LG OLED55C3PSA evo 120Hz G-Sync FreeSync Bluetooth ThinQ AI Alexa Google 4HDMI","R$ 5465,90"
"SmartTV Aiwa 55” Android, 4K, Borda Ultrafina, Dolby Vision & Atmos - AWS-TV-55-BL-01 TV 55"" ANDROID - BORDA INFINITA AWS-TV-55-BL-01 BIVOLT","R$ 2799,00"
"TV Samsung Business Smart 4K 65"" LH65BECHVGGXZD","R$ 3999,90"
"Samsung Smart Big TV 85"" Crystal UHD 4K 85DU8000 2024, Painel Dynamic Crystal Color, Alexa built in 85""","R$ 8338,34"
"Smart TV Qled 55"" 4K Multi Android 3HDMI 2USB - TL073M","R$ 2349,00"
Smart TV DLED 32'' HD Toshiba 32V35LS VIDAA 2 HDMI 2 USB Wi-Fi - TB016M,"R$ 1099,00"
"Smart TV 75"" Toshiba DLED 4K - TB025M","R$ 4899,00"
"TV Digital Portátil LED 14 Polegadas com Entrada USB, AV, Antena, Fone De Ouvido Monitor Versátil com Tamanho Compacto Entretenimento para Carros, Vans e Demais Transportes","R$ 505,90"
SMART TV LG 75 4K UHD 75UR871C,"R$ 5599,90"
"Samsung Smart TV 65"" UHD 4K 65DU7700 - Processador Crystal 4K, Gaming Hub","R$ 3909,00"
"Smart TV 4K 65"" LG QNED MiniLED 65QNED90T Processador α8 AI Painel 120Hz Quantum Dot Nanocell Dolby Vision Dolby Atmos FreeSync webOS 24","R$ 8206,05"
"Smart TV 65"" Toshiba DLED 4K - TB024M","R$ 3499,00"
"TCL 43P635 - Smart TV LED 43"", 4K UHD, Google TV, Wifi, USB","R$ 1899,00"
"Samsung Smart TV 65"" QLED 4K 65Q65D - Tecnologia de Pontos Quânticos, Design AirSlim","R$ 5599,00"
"Samsung Smart TV 75 polegadas QLED 4K 75Q70D 2024, Tecnologia de Pontos Quânticos, Processador com AI, Painel até 120Hz, Design AirSlim 75""","R$ 9688,98"
"Samsung Smart Gaming TV 55"" Neo QLED 4K 55QN90D - Processador com AI, Upscaling 4K, Mini LED, Painel até 144hz","R$ 6928,90"
"Smart TV HQ 32"" HD tela sem bordas Androind 12 design slim HQS32NKHM","R$ 924,90"
"Smart TV LG 55"" 55UT801C0SA 4K UHD Bluetooth 2 USB 3 HDMI Wi-fi Thinq AI Assistência Alexa Design Ultrafino Controle Smart Magic Webos 24","R$ 2489,00"
"Smart TV LED 55' 4K UHD Samsung UN55AU7700 - Wifi, HDMI","R$ 4449,90"
"Patrocinado
Suporte TV Tri Articulado Universal de Parede Para Televisões de 26 a 60 Polegadas Feito em Aço Carbono Suporta 30KG (Triarticulado)","R$ 114,90"
"Patrocinado
Monitor Gamer AOC Agon 32"" Curvo 165Hz 1ms FreeSync AG323FCXE","R$ 1999,00"
"Patrocinado
Monitor Gamer AOC Hero 27"" 165Hz 1ms Ajuste de Altura 27G2S/BK","R$ 999,00"
"Smart TV 32"" Toshiba DLED HD - TB020M","R$ 988,99"
"Samsung AI Big TV 75"" Neo QLED 4K 75QN85D 2024, Processador com AI, Upscaling 4K, Mini LED, Painel 120hz, AI Energy Mode, Alexa built in","R$ 14570,94"
"Samsung Smart TV 70"" QLED 4K 70Q65D - Tecnologia de Pontos Quânticos, Design AirSlim","R$ 6999,00"
"Smart TV Philips Ambilight 75"" 4K 75PUG7908/78, Google TV, Comando de Voz, Dolby Vision/Atmos, VRR/ALLM, Bluetooth","R$ 5679,90"
"Smart TV Neo QLED 55"" 8K UHD Samsung QN55QN700B - Alexa built-in, Mini LED","R$ 6999,00"
"Fast Smart TV QLED 65'', Ultra HD 4K, PTV65G3BGTSSBL, Philco, Dolby Vision, Dolby Atmos, Google TV, Eye Protection","R$ 3884,00"
"Smart TV QLED 75"" 4K Toshiba 75C450NS Google TV 3 HDMI 2 USB Wi-Fi - TB037M","R$ 5699,00"
"Samsung Combo Smart TV 65"" QLED 4K 65Q65D 2024 + Soundbar HW-Q600C","R$ 6018,30"
"Samsung Smart Big TV 75"" UHD 4K 75DU7700 - Processador Crystal 4K, Gaming Hub","R$ 6069,00"
"Smart TV Buster LED 29"" HBTV-29D07HD com Conversor Digital Integrado 2 HDMI, 2 USB, Wi-Fi, bivolt.","R$ 949,00"
"Smart TV Samsung 58"" UHD 4K 58CU7700 2023 + Soundbar HW-B550 Combo","R$ 4561,10"
Fast Smart TV Philco 58” PTV58GAGSKSBL Dolby Audio 4K LED,N/A
"Smart TV LED 55' 4K UHD TCL 55P635 - Google TV, Wifi, PRETO",N/A
Samsung Smart TV 50 polegadas QLED The Frame LS03D - Tela Matte,"R$ 4399,00"
"Smart TV QLED 65"" 4K Toshiba 65C450NS Google TV 4 HDMI 2 USB Wi-Fi - TB036M","R$ 4299,00"
Smart TV OLED 65 4K 65X9900LS Google TV 4HDMI 2USB Wi-Fi Toshiba - TB018M,"R$ 9448,90"
"Samsung Smart TV 55"" UHD 4K 55DU7700 - Processador Crystal 4K, Gaming Hub","R$ 2929,00"
"Smart TV 70"" 4K LG UHD ThinQ AI 70UR8750PSA HDR Bluetooth Alexa Google Assistente Airplay2 3 HDMI",N/A
"Smart TV QLED 55"" 4K Toshiba 55C450NS Google TV 3 HDMI 2 USB Wi-Fi - TB035M","R$ 3099,00"
"TV 19 POLEGADAS, HD LED PARA CAMINHÃO, MOTORHOME, ONIBUS, VAN ESCOLAR","R$ 759,00"
"Samsung combo AI Big TV 85"" Neo QLED 4K 85QN85D 2024 + Soundbar HW-Q930D","R$ 22598,20"
"Smart TV Philips 55"" 4K HDR 55PUG7019/78, Google TV, Comando de Voz","R$ 2699,00"
"Smart TV 4K 75"" LG QNED 75QNED85T Processador α8 AI Painel 120Hz Quantum Dot Nanocell Local Dimming Design Super Slim FreeSync webOS 24","R$ 9719,39"
"Smart TV Samsung UN32T4300AGXZD LED 32"" HD com Suporte Fixo Universal Para TV ELG de 14” a 100”","R$ 1221,70"
"Patrocinado
Suporte TV Tri Articulado Universal de Parede Para Televisões de 26 a 60 Polegadas Feito em Aço Carbono Suporta 30KG (Triarticulado)","R$ 114,90"
"Patrocinado
Monitor Gamer AOC Agon 32"" Curvo 165Hz 1ms FreeSync AG323FCXE","R$ 1999,00"
"Patrocinado
Monitor Gamer AOC Hero 27"" 165Hz 1ms Ajuste de Altura 27G2S/BK","R$ 999,00"
"Smart TV LED 32"" HD AOC 32S5195/78G - Wifi, USB, HDMI","R$ 1299,90"
"Samsung Smart Big TV 75"" QLED 4K The Frame 75LS03D, Tela Matte antirreflexo, Molduras customizáveis, Modo Arte 75""","R$ 13499,00"
Kit Led Smart Tv Ambient Light Wifi Google Alexa,"R$ 336,00"
"Smart TV 43"" Toshiba Dled Full HD 43v35ms Vidaa - TB021M","R$ 2005,90"
Tv Semp 32 R6610 LED Full HD/Roku/Wifi Dual/Usb/Hdmi,N/A
SMART TV SAMSUNG BE65D-H UHD 4K 3HDMI 1USB TIZEN,"R$ 3629,00"
"Smart TV 75"" 4K LG UHD ThinQ AI 75UR8750PSA HDR Bluetooth Alexa Google Assistente Airplay2 3 HDMI",N/A
"Samsung AI Big TV 85"" Neo QLED 8K 85QN800D 2024, Processador com AI, Upscaling 8K AI, Mini LED, Painel até 165hz, Alexa Built-in","R$ 49999,00"
Smart TV DLED 32 HD Multi Android 11 3HDMI 2USB Bluetooth - TL062M,N/A
"Smart TV 86"" 4K LG UHD ThinQ AI 86UR8750PSA HDR Bluetooth Alexa Google Assistente Airplay2 3 HDMI",N/A
"Smart TV LG 32"" HD 32LQ620 WiFi Bluetooth HDR ThinQAI compatível com Smart Magic Google Alexa","R$ 1953,00"
Capa TV Led Lcd 70 Polegadas Impermeável Abertura Traseira,"R$ 109,90"
"Samsung Smart TV 65"" QLED 4K The Frame 65LS03D + Music Frame Combo","R$ 9023,25"
"Smart TV 65"" Toshiba QLED 4K Vidaa - TB027M","R$ 4263,43"
"Samsung AI Big TV 75"" Neo QLED 8K 75QN800D 2024, Processador com AI, Upscaling 8K AI, Mini LED, Painel até 165hz, Alexa Built-in","R$ 18358,98"
Combo Samsung Smart TV 65 polegadas QLED 4K 65Q70D 2024 + Soundbar HW-Q800D,"R$ 8023,25"
"Tv portátil de 12 polegadas com antena, tv pequena com tv digital atsc para viagens de carro de acampamento, televisão digital 1080 p para interior ao ar livre","R$ 950,00"
"TLC, Smart TV LED 32' HD Semp 32R6500 - Wifi, HDMI, USB, preto","R$ 1449,99"
Fast Smart TV Philco 32” PTV32G7PR2CSBLH Dolby Audio Led Bivolt,N/A
"Samsung Smart TV Crystal 55"" 4K UHD CU7700 - Alexa built in, Samsung Gaming Hub",N/A
"Smart TV 43"" 4K LG UHD ThinQ AI 43UR7800PSA HDR Bluetooth Alexa Google Assistente Airplay2 3 HDMI",N/A
"Viag Capas Capa Compatível Para Smart Tv Philco 43, 43 Polegadas, Preta, Courino, 1 Unidade","R$ 34,67"
"Samsung Combo Smart TV 65"" QLED 4K 65Q65D 2024 + Soundbar HW-B550/ZD","R$ 6126,15"
Capa TV Led Lcd 65 Polegadas Impermeável Abertura Traseira,"R$ 99,90"
"Patrocinado
Suporte TV Tri Articulado Universal de Parede Para Televisões de 26 a 60 Polegadas Feito em Aço Carbono Suporta 30KG (Triarticulado)","R$ 114,90"
"Patrocinado
Monitor Gamer AOC Agon 32"" Curvo 165Hz 1ms FreeSync AG323FCXE","R$ 1999,00"
"Patrocinado
Monitor Gamer AOC Hero 27"" 165Hz 1ms Ajuste de Altura 27G2S/BK","R$ 999,00"
"Smart TV DLED 43"" Full HD Toshiba 43V35L VIDAA 2 HDMI 2 USB Wi-Fi - TB017M","R$ 1799,90"
"Hisense Smart TV UHD 4K QLED 55"" Polegadas 55Q6N Google TV com HDR10+, Dolby Atmos, Sports Mode, Game Mode Plus e Compatível com Alexa","R$ 2599,00"
"Moldura para Smart TV 50"" The Frame 2021 cor marrom","R$ 399,00"
"Smart TV Aiwa 50”, Android, 4K, Borda Ultrafina, HDR10, Dolby Áudio - AWS-TV-50-BL-02-A",N/A
Moldura para Smart TV 65'' The Frame 2021 cor marrom,"R$ 399,00"
"TV Samsung Business Smart 4K 50"" LH50BEACHVGGXZD",N/A
"Smart TV LED 50"" 4K UHD Semp RK8600 - Roku, Alexa, Wifi","R$ 2264,00"
"Moldura para Smart TV 43"" The Frame 2021 cor marrom","R$ 399,00"
"Monitor Smart Samsung 32"", UHD, Plataforma Tizen, HAS, Alexa, M8 2023","R$ 5028,90"
"Samsung Smart Gaming TV 65"" Neo QLED 4K 65QN90D - Processador com AI, Upscaling 4K, Mini LED, Painel até 144hz","R$ 10998,90"
"Smart TV 55"" 4K LG NanoCell 55NANO77SRA Bluetooth ThinQ AI Alexa Google assistente Airplay 3 HDMI","R$ 4057,31"
"Smart Big TV 85"" Crystal UHD 4K 85DU8000 2024 + Soundbar HW-Q600C Combo","R$ 10378,10"
"SMART TV 43"" TRONOS PRETO TRS43SFA11 HD","R$ 1629,99"
"Smart TV LED 50"" 4K UHD TCL 50P635 - Google TV, Wifi, HDMI , PRETO",N/A
TCL QLED TV 50” C645 4K UHD GOOGLE TV DOLBY VISION GAMING,N/A
"SYLVOX TV de banheiro, TV espelhada inteligente de 61.0 cm para banheiro chuveiro SPA, sistema Google mais recente, botão de toque à prova d'água 1080p IP66 WiFi Bluetooth Google Assistant, Smart TV",N/A
"Smart TV LED 43"" Full HD Semp Roku R6610 3 HDMI 1 USB Wi-Fi Compatível com Google Assistant e Alexa",N/A
"Smart TV 55"" 4K LG UHD ThinQ AI 55UR8750PSA HDR Bluetooth Alexa Google Assistente Airplay2 3 HDMI","R$ 2929,90"
"Smart TV 55"" Toshiba QLED 4K Vidaa - TB026M","R$ 3299,00"
Smart TV 55” Philco PTV55G7PR2CSB Roku TV Dolby Audio,"R$ 2498,00"
Samsung Combo Smart TV 55 polegadas QLED 4K 55Q70D 2024 + Soundbar HW-Q600C Combo,"R$ 5398,25"
Samsung Smart TV 75'' QLED 4K 75Q70D 2024 + Soundbar HW-Q800D Combo,"R$ 11173,25"
"Smart TV 65"" 4K LG UHD ThinQ AI 65UR8750PSA HDR Bluetooth Alexa Google Assistente Airplay2 3 HDMI",N/A
"Smart TV QLED 75"" 4K UHD Samsung Q70C - Alexa built in, Modo Game, Som em Movimento",N/A
"Patrocinado
Suporte TV Tri Articulado Universal de Parede Para Televisões de 26 a 60 Polegadas Feito em Aço Carbono Suporta 30KG (Triarticulado)","R$ 114,90"
"Patrocinado
Monitor Gamer AOC Agon 32"" Curvo 165Hz 1ms FreeSync AG323FCXE","R$ 1999,00"
"Patrocinado
Monitor Gamer AOC Hero 27"" 165Hz 1ms Ajuste de Altura 27G2S/BK","R$ 999,00"
Tv Digital/Monitor Led 9 Colorido Cftv Modelo Mtm-909,"R$ 618,99"
"TCL Smart TV LED 65"" 4K UHD 65P735 - Google TV, Wifi, HDMI",N/A
"SAMSUNG Smart TV Crystal 50"" 4K UHD CU7700 - Alexa built in, Samsung Gaming Hub, Preto",N/A
"SAMSUNG Smart TV Crystal 65'' 4K UHD CU8000 - Alexa built in, Gaming Hub, Painel Dynamic Crystal Color",N/A
"HQ Smart TV LED 50"" HQSTV50NY Ultra HD 4K Netflix Youtube 3 HDMI 2 USB Wi-Fi",N/A
LG SMARTV 43 4K UHD BLUETOOH WIFI IA THINQ AI GOOGLE ASSIS ALEXA,"R$ 2699,63"
Smart TV HD 32 DLED Wi-fi MultiExperience Roku Multi - TL052EX,"R$ 1149,00"
"SAMSUNG SMART TV CRYSTAL UHD 4K BU8000 85"", SLIM, TELA SEM LIMITES, VISUAL LIVRE DE CABOS, ALEXA COMPATIVEL, CONTROLE ÚNICO",N/A
"TV Digital, 1080p Casa Dobrável Portátil TV Portátil (10 polegadas)","R$ 2326,03"
"Samsung AI Big TV 85"" Neo QLED 4K 85QN85D 2024, Processador com AI, Upscaling 4K, Mini LED, Painel 120hz, AI Energy Mode, Alexa built in","R$ 18970,98"
"Smart TV 55"" 4K Dolby Audio Toshiba Vidaa - TB023M","R$ 2929,90"
Parafusos de substituição de TV para Samsung BN96-36261A (M4XL14) - Conjunto de 4,"R$ 110,11"
"Combo Samsung AI Big TV 75"" Neo QLED 4K 75QN85D 2024 + Soundbar HW-Q930D Combo","R$ 16998,25"
Smart Tv 32'' Hd Preta Tronos Trs32sfa11 Bivolt,"R$ 1145,00"
elecsung TV espelhada inteligente de 68.6 cm para banheiro IP66 à prova d'água com sintonizador HDTV integrado (ATSC) e Wi-Fi e Bluetooth (sistema Android 11.0),N/A
"Samsung Smart TV QLED 55"" 4K UHD Q60C - Alexa built in, Modo Game, Tela sem limites",N/A
Smart TV 55” Philco PTV55G3ERSGB Roku TV Led Dolby Audio,"R$ 2799,00"
"Smart TV 55"" 4K LG 55QNED80SRA Quantum Dot NanoCell 120Hz FreeSync ThinQ AI Alexa Google 4HDMI",N/A
"Smart TV 4K 77"" LG OLED evo OLED77C4 Processador α9 Ger7 AI Painel 144Hz Intensificador de Brilho Design Ultra Slim Dolby Vision Dolby Atmos","R$ 21418,98"
"Smart TV LED Crystal UHD 65"", 4K, Samsung LH65BEAHVGGXZD, Tizen, Wi-Fi, 3 HDMI, 1 USB, Bluetooth","R$ 3899,00"
Tela 43 Polegadas Full Hd + Conversor Tv Digital Externo Multilaser – TL029,"R$ 2099,00"
"Amtone Norcent N24H-S1 24 Polegadas 720P Hd Led Smart Tv Com Sistema Webos Integrado, Portas Ópticas Hdmi Arc Usb, Com Função Tts (Norcent N24H-S1)","R$ 1490,23"
"Feihe TV de cozinha de tela plana pequena de 14 polegadas com antena ATSC Tuner/USB/HDMI/AV/VGA, suporte de TV embutido e controle remoto para carro, trailer, acampamento, ao ar livre ou escritório","R$ 1239,79"
"Samsung Smart Super Big TV 98"" Crystal UHD 4K 98DU9000 2024, Processador Crystal 4K, Painel até 120Hz, Alexa built in 98""","R$ 22438,99"
"Patrocinado
Suporte TV Tri Articulado Universal de Parede Para Televisões de 26 a 60 Polegadas Feito em Aço Carbono Suporta 30KG (Triarticulado)","R$ 114,90"
"Patrocinado
Monitor Gamer AOC Agon 32"" Curvo 165Hz 1ms FreeSync AG323FCXE","R$ 1999,00"
"Patrocinado
Monitor Gamer AOC Hero 27"" 165Hz 1ms Ajuste de Altura 27G2S/BK","R$ 999,00"
"Samsung Smart TV Crystal 55"" 4K UHD CU8000 - Alexa built in, Samsung Gaming Hub, Painel Dynamic Crystal Color","R$ 3285,48"
"Smart TV LED 75"" 4K UHD Samsung UN75AU7700GXZD - Alexa built-in",N/A
Smart TV DLED 55'' 4K Toshiba 55C350LS VIDAA 3 HDMI 2 USB Wi-Fi - TB011M,N/A
"Smart TV Toshiba 50"" Dolby Audio 4K Vidaa - TB022M","R$ 2579,90"
"Tv Smart Buster, 29"" Polegadas, HD, Android, WiFi, Hdmi",N/A
"Smart TV LG 77"" 4K OLED Evo WebOS 23 ThinQ AI OLED77C3PSA",N/A
"HQ Smart TV LED 50"" 4K 3 HDMI 2 USB WI-FI Android 11 Design Slim","R$ 2999,00"
"Samsung Combo AI Gaming TV 65"" Neo QLED 4K 65QN90D 2024 + Soundbar HW-Q800D","R$ 11548,18"
"Jexiop Mini TV de 7 polegadas, TV portátil e tela IPS 1080p TV - Sintonizador digital ATSC de saída de fones de ouvido - entrada USB/TF - entrada HDMI, TV DC-12V para acampamento e cozinha (azul)","R$ 1051,70"
TCL LED SMART TV 75” P635 4K UHD GOOGLE TV,N/A
Smart Tv 65 Polegadas 4k Quad Core Com Wi-Fi e Bluetooth Philips,"R$ 3679,90"
"Samsung Smart TV 85"" Crystal UHD 4K 85CU8000, Painel Dynamic Crystal Color, Samsung Gaming Hub, Design AirSlim, Tela sem limites, Alexa built in, Controle Remoto Único",N/A
"Samsung Smart TV Neo QLED 65"" 8K QN800C - Alexa built in, Mini Led, Processador com IA",N/A
"Samsung Smart TV 98"" QLED 4K 98Q80C 2023, Modo Game, Processador com IA, Som Movimento Virtual 98""",N/A
"Samsung Smart TV Crystal 70"" 4K UHD CU7700 - Alexa built in, Samsung Gaming Hub",N/A
"Smart TV QLED 65"" 4K UHD Samsung Q60C - Alexa built in, Modo Game, Tela sem limites",N/A
"Samsung Smart TV Neo QLED 65"" 4K UHD QN85C - Alexa built in, Mini Led, Processador com IA, Preto Titan","R$ 11646,88"
Smart TV Britânia BTV32G51SN Led 32,"R$ 1450,00"
"Samsung Smart TV Crystal 75"" 4K UHD CU7700 - Alexa built in, Samsung Gaming Hub",N/A
"Samsung UN50AU7700GXZD - Smart TV LED 50"", 4K UHD, Wifi, HDMI",N/A
"Smart TV LED 50"" 4K UHD LG 50UQ7950 - Alexa, ThinQAI, Google, Wifi, Bluetooth",N/A
"Samsung Smart TV OLED 65"" 4K UHD 65S90C - Alexa built in, Processador com IA, Painel de Pontos Quanticos",N/A
"Smart TV QLED 65"" 4K UHD Samsung QN65LS03B - The Frame, Wifi",N/A
"Smart TV Roku 4K UHD 58” TV PTV58G70RCBL 4K LED - Wi-Fi 3 HDMI, USB, PHILCO",N/A
"Patrocinado
Suporte TV Tri Articulado Universal de Parede Para Televisões de 26 a 60 Polegadas Feito em Aço Carbono Suporta 30KG (Triarticulado)","R$ 114,90"
"Patrocinado
Monitor Gamer AOC Agon 32"" Curvo 165Hz 1ms FreeSync AG323FCXE","R$ 1999,00"
"Patrocinado
Monitor Gamer AOC Hero 27"" 165Hz 1ms Ajuste de Altura 27G2S/BK","R$ 999,00"
"Smart TV LED 40"" Panasonic TC-40FS500B Full HD 2 USB, 2 HDMI Preta",N/A
"Capa de TV para televisões/computador, estampa floral, estampa floral, quarto, sala de estar, 32 polegadas - 80 polegadas, protetor de tela de TV LCD/LED universal multifunção-9#||119.4-127.0 cm (116","R$ 473,59"
"Samsung AI TV 48"" OLED 4K 48S90D 2024, Processador com AI, Painel até 144hz, Design LaserSlim, AI Energy Mode, Alexa built in","R$ 6299,00"
"AI Big TV 75"" Neo QLED 8K 75QN800D 2024 + AI TV 55"" Neo QLED 4K 55QNX1 2024 Combo","R$ 26098,10"
"Quadros de TV Deco – Moldura inteligente bronze contemporânea, compatível apenas com Samsung The Frame TV (chip colorido de 3 polegadas)","R$ 44,84"
"Smart TV 98 polegadas QLED Super Big 4K 98Q80C 2023 + AI TV 55"" Neo QLED 4K 55QN85D 2024 Combo","R$ 45998,00"
"OAKCHA Tv Pequena 720P de 13,3 Polegadas, Tv Portátil com Sintonizador Atsc de Antena, Entrada Hdmi/Av, Porta Usb, Operada por Bateria Recarregável, Adequada para Acampamento de Carro Rv de Cozinha","R$ 1163,53"
"Smart TV QLED 50"" 4K Toshiba 50C450NS Google TV 3 HDMI 2 USB Wi-Fi - TB034M","R$ 2799,00"
"SYLVOX TV portátil de 15,6 polegadas, Smart TV pequena 1080p, bateria de 10.0000 mAh/6H, recarregável por bateria, IP66 à prova d'água, suporta download de aplicativos e controle de voz para trailer,",N/A
"Smart Super Big TV 98"" Crystal UHD 4K 98DU9000 2024 + AI TV 55"" Neo QLED 4K 55QN85D 2024 Combo","R$ 34198,10"
"SAMSUNG UN32N5300AFXZA - TV LED inteligente de 32 polegadas, 1080p, cor preta, pacote de proteção melhorada CPS de 1 ano","R$ 2729,72"
"Conector de painel fêmea Hxchen de metal macho 12 mm GX12 Prata plugue de aviação, GX12-3P","R$ 109,70"
"Tablet portátil para TV, tela sensível ao toque de 32 polegadas, tela IPS giratória, USB, WiFi, para trabalho, estudo, treino, jogos","R$ 4592,57"
"Feihe Tv de Tela Plana de 19 Polegadas Integrada Em Sintonizadores Digitais Atsc, Tv LED 1080P com Porta Usb Hdmi Vga Av para Cozinha, Quarto, Trailer, Caravana, Camping, Exterior","R$ 2385,59"
Stick to Me Tv portátil 21.5 27 81.3 cm tela sensível ao toque academia jogos sala ao vivo Smart TV com rodas de rolagem removíveis,"R$ 4632,00"
"Smart Big TV 85"" Crystal UHD 4K 85DU8000 2024 + Soundbar HW-S800D Combo","R$ 11178,10"
"Samsung combo AI TV 65"" Neo QLED 4K 65QNX1 2024 + Soundbar HW-Q600C Combo","R$ 11098,10"
"Solu Módulo LCD de 3,3 V para Arduino UNO R3 Mega2560 16 X 2, 1602 Branco em Azul //Módulo LCD 3.3v 1602, Branco em Azul com Retroiluminação//3.3v 1602a 16 X 2 Linhas Branco Módulo LCD com Chartreuse","R$ 68,56"
Jexiop 17 acessórios de TV,"R$ 72,60"
"AI TV 65"" Neo QLED 4K 65QNX1 2024 + Soundbar HW-S800D Combo","R$ 11898,10"
Brooks Tênis de corrida masculino Beast GTS 23 Supportive,"R$ 1185,00"
"Desobry TV portátil de 46.0 cm para acampamento, bateria de 6000 mAh, TV portátil para falta de energia, suporte ajustável de 180°, entrada HDMI 1080p, entrada AV, USB, TV pequena para cozinha,",N/A
Smart TV 40” Britânia BTV40E3ERSGB Roku TV Led Dolby Audio,"R$ 1558,00"
Meet John Doe 16x9 Widescreen Television,"R$ 143,98"
"Qzanyee Life Substituição de Tiras de Retroiluminação LED para Tv, 4 Unidades, para Tcl Tv 55S421 55S423 55S425 55D6 55F6 e para Toshiba Tv 55U3800C 55U3900C 55U5850C 4C-Lb5508-Hr02J 55Hr330M07B2 55Hr","R$ 678,00"
"Patrocinado
Suporte TV Tri Articulado Universal de Parede Para Televisões de 26 a 60 Polegadas Feito em Aço Carbono Suporta 30KG (Triarticulado)","R$ 114,90"
"Patrocinado
Monitor Gamer AOC Agon 32"" Curvo 165Hz 1ms FreeSync AG323FCXE","R$ 1999,00"
"Patrocinado
Monitor Gamer AOC Hero 27"" 165Hz 1ms Ajuste de Altura 27G2S/BK","R$ 999,00"
"Smart TV 98 polegadas QLED Super Big 4K 98Q80C 2023 + AI TV 55"" Neo QLED 4K 55QNX1 2024 Combo","R$ 42298,10"
"AI Big TV 85"" Neo QLED 8K 85QN800D 2024 + AI TV 55"" Neo QLED 4K 55QNX1 2024 Combo","R$ 56358,00"
"Smart TV 60"" UHD 4K 60DU7700 2024 + Soundbar HW-B550/ZD Combo","R$ 4696,10"
"Smart TV Neo QLED 65"" 8K Samsung QN65QN800B - Alexa built-in",N/A
Home Town Story 16x9 Widescreen TV.,"R$ 115,58"
Shogun's Ninja 16x9 Widescreen TV.,"R$ 138,69"
"Oh, Susanna 16x9 Widescreen TV.","R$ 115,58"
"Smart Super Big TV 98"" Crystal UHD 4K 98DU9000 2024 + AI TV 55"" Neo QLED 4K 55QN85D 2024 Combo","R$ 34198,10"
"Smart TV 55"" Crystal UHD 4K 55DU8000 2024 + Soundbar HW-B550/ZD","R$ 3799,00"
"Smart Big TV 75"" QLED 4K 75Q60D 2024 + Soundbar HW-B550 Combo","R$ 8566,10"
"Samsung AI TV 65"" Neo QLED 4K 65QN85D 2024 + Music Frame Samsung LS60D Combo","R$ 11498,10"
"Desobry TV portátil de 48.3 cm para acampamento, bateria de 8000 mAh, TV portátil para falta de energia, suporte ajustável de 180°, entrada HDMI 1080p, entrada AV, USB, TV pequena para cozinha,","R$ 2355,35"
"FANGOR Moldura digital WiFi de 10,1 polegadas (pacote com 2) com tela sensível ao toque IPS HD, moldura inteligente para fotos em nuvem com armazenamento integrado de 32 GB, rotação automática,",N/A
"Suporte de base de TV de substituição OEM compatível com LG 75 polegadas Class UQ9000 PUD Series LED 4K UHD Smart webOS 22 com ThinQ AI TV (75UQ9000PUD), parafusos incluídos",N/A
Kit Lava E Seca Wd11M Inverter Branca 11/7Kg (220V E Aspirador Robô 2 Em 1 Com Wi-Fi Vr5000 Kit,"R$ 5298,00"
ASA Plotter fixo definitivo,"R$ 186,08"
"Samsung Combo Smart Big TV 75"" QLED 4K 75Q60D 2024 + Music Frame LS60D","R$ 9698,10"
"Samsung Combo Smart Big TV 75"" Crystal UHD 4K 75DU8000 2024 + Smart TV 32” QLED The Frame 32LS03C","R$ 8368,10"
Suporte de Mesa para Microfone Ângulo Ajustável à Prova de Choque Suporte de Braçadeira de Base de Microfone Preto Suporte de Braçadeira de Microfone Base Preta Fabricado Em ABS,"R$ 161,71"
Montagem de Clipe para Controlador 180 Suporte para Telefone Móvel para Gamepad Suporte para Telefone para Jogos Controlador de Telefone Celular para Controlador Gamepad,N/A
"Suporte de Parede Para TVs de 25""a 65"" com Peso até 50kg",N/A
"Suporte de Parede Para TVs de 32""a 43"" com Peso até 50kg",N/A
"Monitor de Visão Traseira de Backup de Carro de 4,3 Polegadas 16 9 Monitor de Carro Colorido à Prova d'água Com Cabo V1 V2 para Carro SUV Van Truck Câmera de Estacionamento","R$ 241,41"
"Jexiop TV portátil de 12 polegadas, TV pequena com bateria recarregável - relógio HDTV em qualquer lugar - porta HDMI/USB, cabo carregador de 12 volts, alimentação CA, mini TV para caravana/cozinha","R$ 1114,95"
"Patrocinado
Suporte TV Tri Articulado Universal de Parede Para Televisões de 26 a 60 Polegadas Feito em Aço Carbono Suporta 30KG (Triarticulado)","R$ 114,90"
"Patrocinado
Monitor Gamer AOC Agon 32"" Curvo 165Hz 1ms FreeSync AG323FCXE","R$ 1999,00"
"Patrocinado
Monitor Gamer AOC Hero 27"" 165Hz 1ms Ajuste de Altura 27G2S/BK","R$ 999,00"
Amplificador de Controle Remoto de Substituição Adequado para Receptor AV VSX 519V K VSX 519V S Amplificador Adequado para Receptor AV VSX 519V K VSX,N/A
"othoig TV de tela plana portátil, TV de cozinha pequena de 12 polegadas com baterias-HDMI, USB, slot AV e antena, cabo de veículo de 12 volts, CA para trailer/acampamento","R$ 1127,88"
Trocador de Voz Ghostface Microfone Portátil Trocador de Voz Mini Dispositivo Portátil de Troca de Voz Com 8 Efeitos Sonoros para Chamadas Telefônicas Jogos Dispositivo Portátil,"R$ 219,51"
"Feihe - TV de 19 polegadas, visualização plana LED FHD de 1080p IPS com sintonizadores digitais duplos ATSC/HDMI/VGA/AV/USB, altifalantes duplos integrados de 12 volts, adequados para",N/A
Instalação independente Thermorelay UT-HZ18 UN-HZ12 UN-RM20,"R$ 762,07"
"Supersonic SC-1520VTV TV LED inteligente AC/DC de 15,6 polegadas, alimentado por VIDAA, 1080p, WiFi, altifalantes integrados, USB, 3X HDMI ARC, para cozinha, RV, barco, camião, sala de jogos, câmara,","R$ 2140,96"
"Smart TV QLED 65"" 4K UHD Samsung QN65Q80A",N/A
"Desobry TV pequena de 14,1 polegadas, TV portátil 1080p com antena, suporte para mini TV HDMI, USB, AV, TV LCD, sintonizador digital embutido, suporte de TV, alto-falantes duplos, TV operada por","R$ 1901,80"
Smart TV AIWA 65” GOOGLE TV 4K Comando de voz Dolby Vision&Atmos AWS-TV-65-BL-01-A,N/A
SONY PICTURES Resident Evil 1-6 UHD 4K completo,N/A
MONITOR TV LED 24 BRAZIL PC H240-T HOE PRETO,"R$ 997,27"
Pernas de TV para LG 49 50 55 polegadas LJ UJ Series TV,N/A
"SplitterPRO - Divisores digitais profissionais instalam em todo o divisor de cabo coaxial de 4 vias dos EUA, 1 GHz para HDTV e Internet de alta velocidade (não para conexões de antena parabólica)","R$ 120,14"
"SYLVOX TV portátil à prova d'água, chuveiro de 15,6 polegadas, Smart TV 1080p para banheiro, bateria recarregável de 10000 mAh (tempo de reprodução de 4-6h), IP66 impermeável, assistente de voz,",N/A
"Smart TV LED 65"" 4K UHD TCL 65P725 - Google TV, Wifi, HDMI",N/A
"Samsung AI TV 65"" OLED 4K 65S95D 2024, Processador com AI, Livre de reflexos, HDR OLED Pro AI, Alexa built in 65""","R$ 13499,00"
"Desobry TV portátil de 18 polegadas com sintonizador digital ATSC, TV pequena com bateria embutida de 6000 mAh, monitor portátil com entrada HDMI 1080p, entrada AV, USB, TV pequena para acampamento,","R$ 1530,79"
"Smart TV Toshiba UHD 4K 55"" QUANTUM DOT Alexa Wifi Integrado Bluetooth 3 HDMI 2 USB Toshiba - TB005",N/A
Supersonic - Smart TV VIDAA de 24 polegadas com leitor de DVD (SC-2426SDVD),N/A
Tela Toshiba 32 Pol. 32v35kb Dled Hd Smart Vidaa – TB007,"R$ 999,90"
Smart TV DLED 55 4K Multi Linux 3 HDMI 2 USB Wi-Fi - TL025M,N/A
Fast Smart TV Philco PTV55M8GAGCMBL 55” 4K QLED Dolby Audio,N/A
Smart Tv 32'' Android 11 Bak Wifi 3 Hdmi 2 Usb Hd 60hz Premium - Bivolt,"R$ 1259,90"
Smart TV DLED 50 4K Multi 3 HDMI 2 USB Wi-fi - TL032M,N/A
"Patrocinado
Suporte TV Tri Articulado Universal de Parede Para Televisões de 26 a 60 Polegadas Feito em Aço Carbono Suporta 30KG (Triarticulado)","R$ 114,90"
"Patrocinado
Monitor Gamer AOC Agon 32"" Curvo 165Hz 1ms FreeSync AG323FCXE","R$ 1999,00"
"Patrocinado
Monitor Gamer AOC Hero 27"" 165Hz 1ms Ajuste de Altura 27G2S/BK","R$ 999,00"
"Tv 85P Qled Smart, 4K, Wifi, Comando de Voz - Qn85Q70Aagxzd, Samsung Audio e Video",N/A
"Samsung Smart TV 85"" Neo QLED 8K QN800C 2023, Mini Led, Painel 120hz, Processador com IA Preto",N/A
"Samsung Smart TV 55"" QLED 4K 55Q65D 2024 + Music Frame","R$ 4999,00"
"Samsung AI Big TV 85"" Neo QLED 8K 85QN800D 2024 + Smart TV 43"" UHD 4K 43DU7700 2024 Combo","R$ 47548,10"
"Samsung Smart TV 98"" QLED Super Big 4K 98Q80C 2023 + AI Gaming TV 43"" Neo QLED 4K 43QN90D 2024","R$ 40898,10"
"Samsung AI TV 85"" Neo QLED 4K 85QN85D 2024 + Smart TV 32"" Tizen HD 32T4300","R$ 21248,10"
"Samsung AI TV 75"" Neo QLED 4K 75QN85D 2024 + Smart TV 32"" Tizen HD 32T4300","R$ 15848,10"
"Samsung Smart TV 75"" QLED 4K The Frame 75LS03D + Music Frame Combo","R$ 14799,00"
"Samsung AI Gaming TV 65"" Neo QLED 4K 65QN90D 2024 + Music Frame","R$ 11999,00"
"Samsung Smart TV 55"" QLED 4K The Frame 55LS03D + Music Frame Combo","R$ 7698,00"
"Smart TV, TV LED, alto-falantes HD Pixel Full Range, reprodução de mídia USB 2K HDR 8G RAM, 50 polegadas",N/A
"TV LED 4K de 40 polegadas de alta definição, som estéreo, projeção inteligente, desempenho poderoso do chip, qualidade de imagem nítida, espaço pequeno","R$ 11817,99"
"Quadro Decorativo com Moldura, 15x10cm, em Tripé ou Parede, Pintura Digital com Aspecto de Quadro à Óleo.",N/A
"Desobry TV pequena de 10 polegadas, TV portátil 1080p com antena destacável, mini TV com tela IPS, suporta HDMI, USB, RCA, sintonizador digital embutido, entradas AV, suporte de TV, alto-falante duplo",N/A
"DESOBRY TV portátil de 45.7 cm para acampamento, bateria de 6000 mAh, TV portátil para falta de energia, suporte embutido, tela portátil com entrada HDMI 1080p, entrada AV, USB, TV pequena para","R$ 2234,08"
"Samsung Smart Big TV 85"" QLED 4K 85Q70D 2024 + Smart TV 32” QLED The Frame 32LS03C Combo","R$ 14598,15"
"TV Digital, Slot para Cartão de Memória TV Portátil de 10 Polegadas para Viagens (BROLEOkb6vazf5q2-01)",N/A
"Capa protetora contra poeira universal para TV LCD interna, protetor de tela de TV extensível de 32 a 85 polegadas para pendurar em mesa curva LED à prova de poeira capa de decoração de sala de estar",N/A
Tela sensível ao toque com interface homem-máquina MTV-100 HMI para TV,"R$ 2398,18"
"Capa para TV de 82 a 86 polegadas, protetor de tela de TV à prova de poeira de cenário de primavera para LED LCD, decoração de quarto interno e sala de estar, capa contra poeira",N/A
"2 peças V6ER-550SMA-LED66_R2 V6ER-550SMB-LED66_R2 BN96-39601A BN96-39602A BN96-39595A BN96-39596A,BN96-39597 BN96-395988 A","R$ 224,67"
KIT 10 Tomada Tap Divisor 20db 5-1000mhz,N/A
Tomada Tap Divisor 9db 5-1000mhz,N/A
Tomada Tap Divisor 12db 5-1000mhz,N/A
"Patrocinado
Suporte TV Tri Articulado Universal de Parede Para Televisões de 26 a 60 Polegadas Feito em Aço Carbono Suporta 30KG (Triarticulado)","R$ 114,90"
"Patrocinado
Monitor Gamer AOC Agon 32"" Curvo 165Hz 1ms FreeSync AG323FCXE","R$ 1999,00"
"Patrocinado
Monitor Gamer AOC Hero 27"" 165Hz 1ms Ajuste de Altura 27G2S/BK","R$ 999,00"
Tomada Tap Divisor 20db 5-1000mhz,N/A
KIT 10 Tomada Tap Divisor 12db 5-1000mh z,N/A
Tomada Tap Divisor 16db 5-1000mhz,N/A
KIT 10 Tomada Tap Divisor 16db 5-1000mhz,N/A
KIT 10 Tomada Tap Divisor 9db 5-1000mhz,N/A
"Sea Stall World TV Cover Beach View TV Cover, 32-80 polegadas respirável poliéster antipoeira capa de pendurar para uso doméstico/desktop/capa curva para TV",N/A
"Smart Tv Samsung 98 4k Qled com Gaming Hub, Qn98q80cagxzd","R$ 33964,98"
TinyTV 2 – Televisão retrô portátil com botões rotativos – Carregue seus próprios vídeos facilmente via USB em sua própria TV em miniatura (marrom),N/A
"Motor De Aceleração Rápida Carb,Kit De Carburador ATV, Bombardier Outlander E Quest Com Filtro, Número OE 707200190, 707200230, Para Bombardier Outlander E Quest","R$ 552,29"
"Puxadores De Gaveta De Cristal - Hardware Moderno De Armário De Cozinha Para Armários, Estantes E Armários De Sapatos(B)","R$ 150,89"
"ATYME 24AM5DVD, 24 polegadas classe, 60Hz, 720p HD LED TV Flat DVD Combo TV, 1*USB, 2* HDMI, 1*VGA, leitor de DVD embutido canal duplo 6W monitor de televisão","R$ 1477,99"
"Alça de Ombro para Câmera, Fivela Larga de Metal Em Tecido de Poliéster Com Alça para Câmera (Laranja Branco Preto)","R$ 176,20"
"Alça de Ombro para Câmera, Fivela Larga de Metal Em Tecido de Poliéster Com Alça para Câmera (Preto Azul Branco)","R$ 175,19"
"Mini Amplificador de Voz, Função, Alto-falante para Celular, Gravação Recarregável, Mini Amplificador de Voz Portátil Multifuncional para Professor (Rosa ouro)",N/A
"Mini Amplificador de Voz, Função, Alto-falante para Celular, Gravação Recarregável, Mini Amplificador de Voz Portátil Multifuncional para Professor (Preto)",N/A
"Puxadores De Gaveta De Acrílico – Puxadores De Gabinete Elegantes Para Cozinha, Banheiro E Muito Mais(C)","R$ 165,49"
"Smart TV 32"", TV LED 4k Ultra Hd, Cobertura 99% S RGB, HDR, Cinema Dolby Vision E Atmos,versão Web De 42 Polegadas,Collector88","R$ 3767,99"
"OKJHFD Lâmina Giratória De Cerâmica Para Artesanato Em Couro, Faça Você Mesmo, Lâmina Giratória De Couro Cerâmico Oblíqua Faca De 8 Mm Ferramenta De Artesanato Em Couro Branco Lâmina Giratória Para Es",N/A
"Emerson Televisão LED Full HD Classe 40""",N/A
"othoig TV pequena de 15,6 polegadas, tela plana FHD IPS 1080p com antena e sintonizador digital ATSC, HDMI/USB/VGA/porta, cabo carregador de carro de 12 volts/alimentação CA para cozinha e caravana","R$ 1872,64"
"Suporte para Telefone de Mesa, Almofada Antiderrapante para Elevação, Ajuste de ângulo Dobrável, Suporte para Celular Inabalável para Transmissão Ao Vivo (Preto)",N/A
"Revestimento Central do Console, Design de Peça única de PVC à Prova de Poeira Profissional, Resistente a Arranhões, Fácil de Limpar, Adesivo Central do Console para Acessórios",N/A
"Alça de Ombro para Câmera, Tecido Texturizado luxuoso. Correia da Câmera, Ajustável para Uso Ao Ar Livre (Laranja Branco Preto)",N/A
"Pele Intermediária do Console, Resistência a Arranhões Fácil de Instalar Design de Uma Peça Adesivo Médio Profissional para Acessórios de Console de Jogos (Cinza)",N/A
"Patrocinado
Suporte TV Tri Articulado Universal de Parede Para Televisões de 26 a 60 Polegadas Feito em Aço Carbono Suporta 30KG (Triarticulado)","R$ 114,90"
"Patrocinado
Monitor Gamer AOC Agon 32"" Curvo 165Hz 1ms FreeSync AG323FCXE","R$ 1999,00"
"Patrocinado
Monitor Gamer AOC Hero 27"" 165Hz 1ms Ajuste de Altura 27G2S/BK","R$ 999,00"
Kit régua de LED TV LG 32LB550B - AGF78400001,"R$ 94,90"
"TV Ultra HD 4K+HDR De 32 Polegadas, Smart TV, WIFI, HDMI, USB, Alto-falante Frontal Independente, Controle De Voz, Borda Estreita De Metal, Adequado Para Hotel, Quarto,Tela Perfeita Ultra Nítida D","R$ 2820,99"
"Dance Step Pad, 60 jogos Dance mat Vestível Macio 100‑240 V para Computador para TV para Crianças (plugue americano)",N/A
"Protetores de Braço de Kickboxing, 1 par de Substituição de Espuma EVA, Fino Acabamento, Protetores de Braço de Taekwondo Engrossados, Flexíveis para Homens para Competição","R$ 305,35"
"Fato de Fotografia de Corpo Inteiro Azul, Lavável Fotografia de Corpo Inteiro Zíper Invisível para Filmagem Pós-Produção (160cm)",N/A
"GTUOXIES 100 polegadas 4K UHD TV Full Array LED Super Screen Stunning Display High Dynamic Range And High Brilho Interface versátil 100"" diagonal para casa e negócios (100 Inches)","R$ 44990,00"
"Smart TV 48"" 4K LG OLED48C3PSA evo 120Hz G-Sync FreeSync Bluetooth ThinQ AI Alexa Google 4HDMI",N/A
"de 19 Polegadas, de 17 Polegadas, Ane TV STAR 13 Polegadas ATSC TV Digital Portátil HD Telen para Carro Cam US Plug 110-220V","R$ 1337,64"
"Carretel de Coleta Vazio, Carretel Vazio de 7 Polegadas, Resistência à Curvatura de 3 Furos para Toca-fitas Bobina a Bobina (Prata)",N/A
"Correia de câmera de cinto, fivela de metal, tecido de poliéster, acessório de fotografia, alça de ombro para viajar","R$ 176,11"
"TV Digital, 1080p Casa Dobrável Portátil TV Portátil (7 polegadas)","R$ 1763,90"
Instalação e Configuração de TV com até 42'' - Relpi.Me,"R$ 271,10"
GuuYebe BN96-32771A BN96-32772A Tiras LED para UA58H5288 UE58H5205 UE58J5202 UN58H5203 UA58J5000AK UE58J5250 UE58J5270 CY-HH0550 8BGNV1 H LM41-00091F 00091G DMGE-580SMA-R3 2014SVS58,"R$ 382,52"
Kit de carburador ATV com filtro KLF300 Carburador para Kawasaki BAYOU 300 KLF 300 1986-1995 1996-2005 Carb com gás combustível Petcock Valve Switch Pump,"R$ 508,58"
"Barra de luz LED RGBIC DIY Smart Dream Color, luz ambiente de luz de parede de combinação criativa, emenda modular DIY, presente para jogos de barra em casa (Color : 12Pack)
LED","R$ 733,71"
"Conjunto de painéis de luz ambiente de triângulos inteligentes, luz de parede LED de decoração criativa modular DIY, música de sincronização, ideal para jogos de bar e café de decoração de festa (Col","R$ 345,00"
9.8 polegadas 16:9 widescreen 270° tela lcd rotativa casa carro tv leitor de dvd portátil vcd disco compacto visualizador mp3 com função de jogo,"R$ 1494,89"
KKcare D14 14 polegadas ATSC Digital TV Player TV portátil Car Television Multimedia Player Rádio FM Cartão SD U Disk Playback com controle remoto,"R$ 3460,99"
"10 peças EAV63632405 EAV63632406 EAV63673005 Fita de retroiluminação LED para 55LJ55_FHD 55UJ63_UHD 55LJ63_UHD 55UJ6300-UA 55UJ55 55LJ5500-UA HL-HL-10 unidades 995500 Substituição A30-0401A-01
LED","R$ 353,55"
"BN96-36236A UN32J5205 UN32J4000AF V5DN-320SM1-R2 UN32J4000 UN32J4000AFXZA UN32J5003 UN32J5003AFXZA UE32J5200 UE32200 J50000 Tiras de retroiluminação LED para Samsung V5DN 320SM1 R2 30555 LM41-00134A
LED","R$ 232,34"
"BN96-46078A UN75NU6900F UN75NU6950F UN75NU7100F UN75NU7100 UE75NU7100 UE75NU7172U UN75NU710DF UE75NU7200 UE75NU7170U UN75NU75U NU72000 Fita LED UE75NU7170 UN75NU7100AG UN75NU7100G UN75RU7100 para tv 3
LED","R$ 345,14"
"Controle Hidráulico Série G 3625PSI,P40 Válvulas Controle Direcional 3 Pos com 1 Carretel - Tratores Carregadores Tanques Controle VelocidaAjustável 10 GPM","R$ 931,29"
"D60-D3 E60-E3 SVG600A25 SVG600A30 Tiras de substituição de luz de fundo LED para tv 60 polegadas FHD FBC REV02
LED","R$ 330,64"
"2 pacotes com núcleo de alto-falante original, alto-falante de TV BN96-20054A sem capa para TVs SAMSUNG UA60D8000YJ UA65D6600YJ","R$ 281,74"
"Patrocinado
Suporte TV Tri Articulado Universal de Parede Para Televisões de 26 a 60 Polegadas Feito em Aço Carbono Suporta 30KG (Triarticulado)","R$ 114,90"
"Patrocinado
Monitor Gamer AOC Agon 32"" Curvo 165Hz 1ms FreeSync AG323FCXE","R$ 1999,00"
"Patrocinado
Monitor Gamer AOC Hero 27"" 165Hz 1ms Ajuste de Altura 27G2S/BK","R$ 999,00"
Dreamscreens Transforma sua TV em uma galeria de arte (Dream Impressionism 4K),"R$ 408,56"
"Moldura para Smart TV 85"" The Frame 2021 e 2022 Bege","R$ 399,00"
"VIZIO Smart TV Full HD 1080p da série D de 32 polegadas com Apple AirPlay e Chromecast integrados, compatibilidade com Alexa, D32fM-K01, modelo 2023","R$ 1732,32"
"NOPNOG 2 Din Car Multimedia Player, 7"" Car MP5 Player com link Espelho, Rádio Carro, entrada AUX e HD Display (7010B)",N/A
"othoig TV de 17 polegadas, pequena televisão LED de visualização larga com antena, canais locais HD sem sintonizador ATSC digital, porta USB VGA HDMI, cabo carregador de 12 volts/TV de","R$ 1758,26"
Webcam empresarial Full HD certificada pelo Zoom™ - DVY32,"R$ 3999,00"
"OpenMV TV Shield, SingTown, NTSC Video Transmit AV Monitor, Apply to OpenMV Cam H7 Plus, OpenMV Cam H7, OpenMV Cam M7, OpenMV Cam H7 R2","R$ 189,74"
"Leitor ATSC D14, D14 14 polegadas ATSC Digital TV Player TV portátil Carro Televisão Player Rádio FM Cartão SD U Disco Reprodução com Controle Remoto",N/A
"Samsung 75 polegadas Commercial TV UHD Display, 700 NIT",N/A
Westinghouse TV HD de 24 polegadas,"R$ 1363,22"
"Modulador UHF, modulador de TV de material premium resistente ao desgaste. Artesanato fino para equipamentos digitais para leitores de DVD para jogos","R$ 325,97"
"Áudio e vídeo para modulador UHF RF, modulador de TV de aparência elegante resistente ao desgaste para leitores de DVD para equipamentos digitais para jogos","R$ 325,95"
"Supersonic SC-2416STV 24"" DLED HD Smart TV com ATSC e NTSC integrado","R$ 2208,97"
"Trava para RV, Trava para barco redonda incorporada para uso doméstico para a porta",N/A
Curso on-line em videoaula de Manutenção em TV de LED com Certificado,"R$ 199,00"
"Liga de alumínio, conector, prata, durável, conector hexadecimal RC, para modelo de carro RC(azul)",N/A
"Frame My TV Deco TV Frames Alloy Scoop - Moldura prata alemã compatível apenas com Samsung The Frame TV (81.3 cm, serve para 2021-2025 Frame TV)","R$ 2537,23"
Suporte Articulado 4 Mov Smart Tv Android 43 Semp Toshiba,"R$ 119,00"
"NEC E328 E-Series - Tela LCD retroiluminada por LED de 32"" - Full HD","R$ 6042,18"
Oak and Reed Halteres hexagonais DB20538 / DB2-0538 900 g,"R$ 116,26"
Chicago Med: Season Four,"R$ 148,32"
Tela 32 Pol. HD Smart Multilaser Entradas (Sem conversor digital) - TL014,"R$ 1449,00"
Lp Tieta - Trilha Sonora Original,N/A
Kimaru Cabo de alimentação para televisão Samsung LG TCL Sony LED LCD Insignia Sharp Toshiba JVC Hisense Electronics (cabo de 4 pés),"R$ 98,85"
"Patrocinado
Suporte TV Tri Articulado Universal de Parede Para Televisões de 26 a 60 Polegadas Feito em Aço Carbono Suporta 30KG (Triarticulado)","R$ 114,90"
"Patrocinado
Monitor Gamer AOC Agon 32"" Curvo 165Hz 1ms FreeSync AG323FCXE","R$ 1999,00"
"Patrocinado
Monitor Gamer AOC Hero 27"" 165Hz 1ms Ajuste de Altura 27G2S/BK","R$ 999,00"
"Wendry Placa de substituição para LCD do motorista, alça de luz de LED LCD para TV com luz de fundo, kit de entrada de 11 a 30 V para todas as marcas e modelos de TVs LCD de 10 a 48 polegadas",N/A
"Raz Importações férias água Lanternas 10"" TV de Água de Santa Expresso Musical Lighted Enviado dos EUA","R$ 757,81"
Texas Instruments 84CESC/PWB/1L1 84plusce Ezspot Slidecase 10 unidades,N/A
MedeaWiz Hydra I/O Expansor para Sprite,"R$ 854,91"
"Fox Racing MX20 Airspace masculino/Main 45 mm Sistema de visão total (LEXAN) - INTL, cinza claro, tamanho único","R$ 362,46"
"LG 32Lm570Bpua Classe 720P Smart LED HD TV (2019) Preto 32""","R$ 2902,56"
"303,195 Audiovision",N/A
Módulo de temperatura Texas Instruments Pacote com 5,N/A
"ATYME 320GM5HD, classe de 32 polegadas, 60Hz, tela plana HDTV LED 720p, 1 USB, 3 HDMI, 1 VGA, ARC",N/A
Remo+ Campainha WiFi interna - campainha sem fio inteligente com controle de volume e vários toques - Conectividade perfeita para segurança doméstica,"R$ 291,26"
"Divisor de sinal de TV de 3 vias, divisor de cabo coaxial digital ANTOP 2GHz- 5-2050MHz de alto desempenho para antena de TV por satélite/cabo",N/A
Placa de parede HDMI Cable Matters com tomada coaxial (placa de parede coaxial) em branco,"R$ 137,97"
"Conjunto de lentes Biconvex, lentes de vidro Pop-Tech Bi-Convex 34 mm de diâmetro, 45 mm de comprimento focal, lentes para Google Cardboard VR","R$ 140,29"
"Raz Imports Happy HollyDays 25,4 cm TV musical animada sortidas de 2","R$ 903,25"
Netgear XAVB1004 Kit de conexão à Internet para Home Theater,"R$ 251,24"
"ICC - icc-icacspdt4p - ferramenta, 110 punchdown, 4 pares",N/A
"915,385 Viaweb natural",N/A
"SuperSonic SC-1311H LED Widescreen HDTV 13,3"" tela plana com compatibilidade USB, leitor de cartão SD, entrada HDMI e AC/DC: redução de ruído digital integrada e cabo HDMI incluído",N/A
"Supersonic HDTV SC-2212 de 22 polegadas com impressionante qualidade 1080p, cores vibrantes, leitor de DVD, HDMI, USB, monitor de PC e compatibilidade AC/DC - TV perfeita para RV e cozinha","R$ 1799,43"
Embryo 16x9 Widescreen Television,"R$ 136,39"
David Copperfield 16x9 Widescreen TV.,"R$ 116,71"
Cartucho de fita Sony 400 GB AIT-5,N/A
Klansman 16x9 Version Widescreen TV,"R$ 115,58"
The Outlaw: 16x9 Widescreen TV,"R$ 93,94"
"Patrocinado
Suporte TV Tri Articulado Universal de Parede Para Televisões de 26 a 60 Polegadas Feito em Aço Carbono Suporta 30KG (Triarticulado)","R$ 114,90"
"Patrocinado
Monitor Gamer AOC Agon 32"" Curvo 165Hz 1ms FreeSync AG323FCXE","R$ 1999,00"
"Patrocinado
Monitor Gamer AOC Hero 27"" 165Hz 1ms Ajuste de Altura 27G2S/BK","R$ 999,00"
Cama box casa de espuma com certificação do inmetro e 1 ano de garantia,N/A
"Apple TV Portable Genius
Edição Inglês
por Guy Hart-Davis",N/A
"Samsung Smart TV 55"" QLED 4K 55Q65D - Tecnologia de Pontos Quânticos, Design AirSlim","R$ 3179,00"
"Samsung Combo Smart TV 55"" QLED 4K 55Q65D 2024 + Soundbar HW-B550/ZD","R$ 3899,00"
"Samsung Smart TV 65"" QLED 4K 65Q60D 2024 + Soundbar HW-B550 Combo","R$ 6316,10"
"Smart TV 65"" Crystal UHD 4K 65DU8000 2024 + Soundbar HW-B550/ZD Combo","R$ 5106,15"
"Smart TV 65"" QLED 4K 65Q60D 2024 + Soundbar HW-S800D Combo","R$ 7848,10"
"Samsung Combo Smart TV 65"" Crystal UHD 4K 65DU8000 2024 + Soundbar HW-Q600C","R$ 5618,20"
Painel de Tv Suspenso até 45 Polegadas Ripado Off White Cor: Natural com Off White,"R$ 422,90"
"TV com tela sensível ao toque rotativa (4G + 64G) - tela portátil sem fio de 21,5 polegadas TV externa + câmera e suporte de chão ajustável, Bluetooth/WiFi, TV universal para Android","R$ 8406,49"
"LG ZENLTC24380ST SUPORTE,CAPA TV","R$ 205,41"
"TV com tela sensível ao toque portátil de 21,5 polegadas (Bluetooth/WiFi), 4G RAM + 64G ROM, câmera de 8 MP, tela totalmente rotativa e roda universal inferior, para entretenimento doméstico,","R$ 8703,44"
LG Suporte MJH40310801,"R$ 237,55"
"Máquina de publicidade integrada Windows Multimedia Touch, reprodutor de publicidade em tela LED externa de 21,5 polegadas, qualidade HD 16:9 1080p, adequado para metrôs e cinemas, 27 polegadas","R$ 5750,66"
The Painted Desert 16x9 widescreen TV.,"R$ 138,69"
"TV portátil com tela inteligente de 21,5 polegadas | Tela sensível ao toque rotativa 1080p | Câmera 8MP | Roda universal silenciosa | Tempo de reprodução de vídeo 8H | OS Android | 4G RAM + ROM 64G","R$ 8109,55"
Testador de Cabo de Rede Portátil Rj11 Toner Fio Rastreador Tone Line Finder Detector Ferramenta de Rede Testadores Perímetro de Rede Rede Doméstica e Conectividade,N/A
Hittin' The Trail 16x9 Widescreen TV.,"R$ 138,69"
Dog Day 16x9 Widescreen TV.,"R$ 138,69"
Voyage To Prehistric Plant Widescreen Television,"R$ 138,69"
Sony Base de suporte SONKDL55NX720 (LL1),"R$ 1106,90"
"Smart TV 55"" UHD 4K 55DU7700 2024 + Soundbar HW-B550/ZD Combo","R$ 3599,00"
"AI TV 55"" OLED 4K 55S90D 2024 + Soundbar HW-B550/ZD Combo","R$ 9418,00"
Audiovox FPE1908 19 polegadas LCD HDTV,"R$ 4260,06"
"Patrocinado
Suporte TV Tri Articulado Universal de Parede Para Televisões de 26 a 60 Polegadas Feito em Aço Carbono Suporta 30KG (Triarticulado)","R$ 114,90"
"Patrocinado
Monitor Gamer AOC Agon 32"" Curvo 165Hz 1ms FreeSync AG323FCXE","R$ 1999,00"
"Patrocinado
Monitor Gamer AOC Hero 27"" 165Hz 1ms Ajuste de Altura 27G2S/BK","R$ 999,00"
Audiovox FPE2208 HDTV LCD de 22 polegadas,"R$ 5378,23"
"TV portátil de 21,5 polegadas (1080 x 1920 IPS) + câmera de 8 MP, tela totalmente rotativa (4G RAM + 64G ROM) + roda universal silenciosa, para entretenimento doméstico","R$ 7904,76"
"Smart TV 50"" UHD 4K 50DU7700 2024 + Soundbar HW-B550 Combo","R$ 3199,00"
Audiovox FPE2608 HDTV LCD de 26 polegadas,"R$ 7699,63"
"Samsung combo AI TV 55"" Neo QLED 4K 55QNX1 2024 + Soundbar HW-B550 Combo","R$ 7036,10"
"Sony Bravia S-Series KDL-26S3000/P 720p LCD HDTV, rosa","R$ 9322,60"
Leisure Time JE1912LEDR TV LCD LED 12V para RV,"R$ 3895,61"
Samsung BN81-01308A As-T Con Board,"R$ 1194,46"
"32"" Tela Inteligente Sem Fio(Rotação Giratória Completa), Controle Remoto Por Voz+Monitor Portátil 1080p+48 Megapixels, Para Apk, Tv, Projeção De Tela Sem Fio, 81 * 68 * 22,5Cm",N/A
Tela Inteligente Sem Fio De 32'' | Controle Remoto Por Voz | Rotação Giratória Completa | Altura E ângulo Ajustáveis | Alta Resolução: 1080p | 48 Megapixels,N/A
"DVB-T : terestricka digitalna televizija
Edição Sérvio",N/A
"Tela 40 Pol. FHD, Smart E Wifi Integrado, Sistema Android, Dolby Audio, Google assistente, loja de app, HDMI + USB + RJ45 + AV Multilaser - TL045",N/A
"Samsung AI TV 55"" Neo QLED 4K 55QN85D 2024 + Smart TV 32"" Tizen HD 32T4300","R$ 7118,10"
Tela sensível ao toque MT6071iE,"R$ 2282,53"
"Alça de Ombro para Câmera, Fivela Larga de Metal Em Tecido de Poliéster Com Alça para Câmera (Preto Ouro Branco)","R$ 175,17"
Emerson Televisão LED Class HD de 24 polegadas,"R$ 2268,44"
"Almofadas de Absorção de Choque de áudio, Pés de Suporte de Isolamento de Alto-falante de Processamento CNC Leve para Amplificador de Som (Preto)","R$ 313,28"
Wayne's World [4K Ultra HD],N/A
Tela 39 Pol HD sem Conversor Digital Entradas Hdmi + Usb + Av Multilaser – TL033,N/A
Tela 39 Pol HD sem Conversor Digital Entradas Hdmi + Usb + Av Multilaser – TL033,N/A
Tela Toshiba QLED Display 65 Pol. 65M550KB Quantum Dot 4K Smart VIDAA HDR – TB002,N/A
Prestige Sistema de início remoto unidirecional e entrada sem chave APS57TM / APS57TM / APS57TM,"R$ 978,07"
Capa de Mala Personalizada Show de Estrelas M,N/A
"Patrocinado
Suporte TV Tri Articulado Universal de Parede Para Televisões de 26 a 60 Polegadas Feito em Aço Carbono Suporta 30KG (Triarticulado)","R$ 114,90"
"Patrocinado
Monitor Gamer AOC Agon 32"" Curvo 165Hz 1ms FreeSync AG323FCXE","R$ 1999,00"
"Patrocinado
Monitor Gamer AOC Hero 27"" 165Hz 1ms Ajuste de Altura 27G2S/BK","R$ 999,00"
