Tv's,Preços
"Samsung Smart TV 50"" Crystal UHD 4K 50DU8000 - Painel Dynamic Crystal Color, Gaming Hub","R$ 2463,57"
"Smart TV 43"" LG Full HD 43LR6700 Processador α5 Ger6 AI Alexa integrado LG Channels webOS 23 compatível com Controle Smart Magic","R$ 2109,00"
"Smart TV Philips 50"" 4K HDR 50PUG7019/78, Google TV, Comando de Voz","R$ 2052,09"
Smart TV 32” Philco PTV32K34RKGB Roku TV Led Dolby Audio,"R$ 939,90"
"Samsung Smart TV 43"" UHD 4K 43DU7700 - Processador Crystal 4K, Gaming Hub","R$ 2139,17"
"Samsung Smart TV 70"" Crystal UHD 4K 70DU8000 - Painel Dynamic Crystal Color, Gaming Hub","R$ 5199,00"
"Samsung Smart TV 55"" Crystal UHD 4K 55DU8000 - Painel Dynamic Crystal Color, Gaming Hub","R$ 2799,00"
"Samsung UN32T4300AGXZD - Smart TV LED 32"" HD, Wifi, HDMI, USB","R$ 1072,71"
"Smart TV 4K 50"" LG UHD 50UT8050 Processador α5 Ger7 AI Alexa/Chromecast integrado Otimizador de Jogos webOS 24 Controle Smart Magic","R$ 2295,22"
"TCL LED SMART TV 32” S5400AF FHD ANDROID TV, PRETO","R$ 1044,05"
"Smart TV 32"" LG HD 32LR600B Processador α5 Ger6 AI Alexa integrado LG Channels webOS 23 compatível com Controle Smart Magic","R$ 1179,00"
"Samsung Smart TV 65"" Crystal UHD 4K 65DU8000 - Painel Dynamic Crystal Color, Gaming Hub","R$ 3504,55"
"Smart TV 43"" HD AOC Roku 43S5045/78G TV HDMI 1 USB Wifi Conversor Digital","R$ 1519,04"
"Smart TV 32"" HD AOC Roku 32S5045/78G TV HDMI 1 USB Wifi Conversor Digital","R$ 993,19"
"Smart TV 4K 55"" LG OLED evo OLED55C4 Processador α9 Ger7 AI Painel 144Hz Intensificador de Brilho Design Ultra Slim Dolby Vision Dolby Atmos","R$ 5595,00"
"Smart TV 4K 43"" LG UHD 43UT8000 Processador α5 Ger7 AI Alexa/Chromecast integrado Otimizador de Jogos webOS 24 compatível com Controle Smart Magic","R$ 2249,00"
"Smart TV 4K 55"" LG NanoCell 55NANO80T Processador α5 Ger7 AI Hub de Esportes Alexa/Chromecast integrado webOS 24 Controle Smart Magic","R$ 2814,00"
Britânia Smart TV 32” BTV32G7PR2CSGBLH LED Dolby Áudio,"R$ 898,00"
TCL QLED TV 55” C655 4K UHD GOOGLE TV DOLBY VISION ATMOS,"R$ 2799,00"
"Samsung Smart TV 65"" QLED 4K 65Q60D - Tecnologia de Pontos Quânticos, Design AirSlim, Gaming Hub","R$ 4829,00"
"Samsung Smart Big TV 75"" Crystal UHD 4K 75DU8000 - Painel Dynamic Crystal Color, Gaming Hub","R$ 5487,51"
Smart TV 32” Philco LED Roku TV PTV32G7PR2CGB,"R$ 999,00"
"Smart TV 4K 65"" LG UHD 65UT8050 Processador α5 Ger7 AI Alexa/Chromecast integrado Otimizador de Jogos webOS 24 Controle Smart Magic","R$ 3469,98"
"Smart TV 55"" 4K 120 Hz Philips THE ONE 55PUG8808/78, Google TV, Ambilight, P5, DTS Play-Fi, Freesync, Dolby Vision Atmos, 40 WRMS","R$ 3199,00"
"Patrocinado
Suporte Articulado de Parede para TVs de 14"" a 55"" – Ajuste Livre, Suporta até 30kg – Compatível com LED, LCD, Smart TV e Plasma","R$ 104,70"
"Patrocinado
Suporte Móvel Ajustável com Rodinhas Ideal para Geladeiras, Máquinas de Lavar e Móveis, Resistente, Reforçado, Até 200 Kg- Linha Premium","R$ 61,90"
"Patrocinado
Controle Remoto Smart TV LED Compatível Com Samsung UN55RU7100GXZD OMAIC Com Netflix Prime Vídeo Internet","R$ 37,90"
"Samsung Smart TV QLED 32"" Full HD QN32LS03C - Gaming Hub, Tela Matte, Modo Arte, Suporte de parede incluso","R$ 1849,00"
"Samsung Smart Gaming TV 50"" Neo QLED 4K 50QN90D - Processador com AI, Upscaling 4K, Mini LED, Painel até 144hz","R$ 4846,99"
"Smart TV 4K 65"" LG NanoCell 65NANO80T Processador α5 Ger7 AI Hub de Esportes Alexa/Chromecast integrado webOS 24 Controle Smart Magic","R$ 3654,00"
Smart TV 40” PTV40E3ERSGB Roku TV Led Dolby Audio,"R$ 1349,00"
"Smart TV Philips 43"" Full HD 43PFG6909/78, Google TV, Comando de Voz, HDR","R$ 1649,00"
"Samsung Smart TV 55"" QLED 4K 55Q60D - Tecnologia de Pontos Quânticos, Design AirSlim","R$ 3735,99"
"Smart TV 4K 50"" LG NanoCell 50NANO80T Processador α5 Ger7 AI Hub de Esportes Alexa/Chromecast integrado webOS 24 Controle Smart Magic","R$ 2430,00"
"Smart TV LG 43"" 4K 43UR781C webOS 23, Wi-Fi, Inteligência Artificial ThinQ, built-in, Google Assistente, Alexa AppleAirplay & HomeKit Design Ultrafino","R$ 1858,92"
Smart TV Philco PTV58G7UR2CSBL 58” 4K Led Dolby Audio,"R$ 2297,07"
"Smart TV Philips Ambilight 50"" 4K 50PUG7908/78, Google TV, Comando de Voz, Dolby Vision/Atmos, VRR/ALLM, Bluetooth","R$ 2399,00"
"Smart TV 4K 55"" LG QNED 55QNED85T Processador α8 AI Painel 120Hz Quantum Dot Nanocell Local Dimming Design Super Slim FreeSync webOS 24","R$ 3799,05"
2022 Smart TV LG 60' 4K UHD 60UQ8050 WiFi Bluetooth HDR Nvidia GEFORCE NOW ThinQAI Smart Magic Google Alexa,"R$ 3181,55"
TCL LED SMART TV 55” P755 4K UHD GOOGLE TV,"R$ 2279,00"
"Samsung Smart Gaming TV 43"" Neo QLED 4K 43QN90D - Processador com AI, Upscaling 4K, Mini LED, Painel até 144hz","R$ 3963,21"
"TCL LED TV 40"" S5400A FHD Android TV","R$ 1519,05"
"Smart TV 4K 55"" LG UHD 55UT8050 Processador α5 Ger7 AI Alexa/Chromecast integrado Otimizador de Jogos webOS 24 Controle Smart Magic","R$ 2649,55"
"Smart TV Aiwa 43”, Android, Full HD, Borda Ultrafina, HDR10, Dolby Áudio - AWS-TV-43-BL-02-A","R$ 1590,88"
"Samsung Smart TV 55"" QLED 4K 55Q70D - Tecnologia de Pontos Quânticos, Upscaling 4K AI, Painel até 120Hz","R$ 3599,00"
SMART TV SAMSUNG SMART TV UHD CRYSTAL 4K 55,N/A
"Smart TV LED 32"" HQ HD 3 HDMI 2 USB WI-FI Android 11 Design Slim","R$ 929,00"
TCL QLED TV 65” C655 4K UHD GOOGLE TV DOLBY VISION ATMOS,"R$ 3419,04"
SMART TV SAMSUNG BE50D-H UHD 4K 3HDMI 1USB TIZEN,"R$ 2148,07"
"Samsung Smart TV LED 43"" FULL HD UN43T5300 - Wifi, HDMI","R$ 1891,18"
"Smart TV Philips 55"" 4K 55PUG7408/78, Google TV, Comando de Voz, Dolby Vision/Atmos, VRR/ALLM, Bluetooth","R$ 2699,90"
"Patrocinado
Suporte Articulado de Parede para TVs de 14"" a 55"" – Ajuste Livre, Suporta até 30kg – Compatível com LED, LCD, Smart TV e Plasma","R$ 104,70"
"Patrocinado
Suporte Móvel Ajustável com Rodinhas Ideal para Geladeiras, Máquinas de Lavar e Móveis, Resistente, Reforçado, Até 200 Kg- Linha Premium","R$ 61,90"
"Patrocinado
Controle Remoto Smart TV LED Compatível Com Samsung UN55RU7100GXZD OMAIC Com Netflix Prime Vídeo Internet","R$ 37,90"
"Smart TV Aiwa 32”, Android, HD, Borda Ultrafina, HDR10, Dolby Áudio - AWS-TV-32-BL-02-A","R$ 1035,90"
"Samsung Smart Big TV 75"" QLED 4K 75Q60D 2024, Tecnologia de Pontos Quânticos, Design AirSlim","R$ 6115,21"
"Smart TV 4K 55"" LG QNED 55QNED80T Processador α5 Ger7 AI Quantum Dot Nanocell Local Dimming Design Super Slim Alexa/Chromecast integrado webOS 24","R$ 3260,00"
"AOC 43S5135/78G - Smart TV LED 43"" Full HD, Design sem bordas, Wifi, Conversor Digital, USB, HDMI","R$ 1439,00"
"Hisense Smart TV FHD 40"" Polegadas 40A4N com DTS Virtual X, Game e Sports Mode, Controle por Voz, Share to TV e Compatível com Alexa",N/A
TCL LED SMART TV 50” P755 4K UHD GOOGLE TV,"R$ 2258,16"
"HQ Smart TV LED 24"" 2 HDMI 2 USB WI-FI Androind 11 e Processador Quad Core","R$ 828,90"
"Smart TV 65"" 4K 120 Hz Philips THE ONE 65PUG8808/78, Google TV, Ambilight, P5, DTS Play-Fi, Freesync, Dolby Vision Atmos, 40 W RMS","R$ 4199,00"
"Samsung Smart TV 55"" Neo QLED 4K 55QN85D - Processador com AI, Upscaling 4K, Mini LED, Painel 120hz","R$ 4369,90"
TCL LED SMART TV 43” P755 4K UHD GOOGLE TV,"R$ 1899,00"
"Smart TV 50"" HQ UDE50HR315LN 4K com Conversor Digital 3 HDMI 2 USB WI-FI Android 11 Design Slim e Tela Frameless","R$ 1879,00"
Smart TV 42” Philco PTV42M9GR2CMB LED Roku TV,"R$ 1442,87"
"Smart TV 75"" 4K 120 Hz Philips THE ONE 75PUG8808/78, Google TV, Ambilight, P5, DTS Play-Fi, Freesync, Dolby Vision Atmos, 50W RMS 2.1","R$ 5499,00"
"Samsung Smart TV 58"" UHD 4K 58CU7700, Processador Crystal 4K, Gaming Hub, Visual Livre de Cabos, Tela sem limites, Alexa built in, Controle Único","R$ 3549,00"
"Samsung Smart TV 43"" Crystal UHD 4K 43DU8000 - Painel Dynamic Crystal Color, Gaming Hub","R$ 2549,00"
"Samsung Smart TV 60"" UHD 4K 60DU7700 - Processador Crystal 4K, Gaming Hub","R$ 3699,00"
"Samsung Smart TV 65"" QLED 4K 65Q70D - Tecnologia de Pontos Quânticos, Upscaling 4K AI, Painel até 120Hz","R$ 5210,90"
Smart TV 50 Philco PTV50G7PR2CSB 4K Roku TV Led Dolby Audio,"R$ 2061,71"
"Samsung Smart TV 50"" QLED 4K 50Q60D - Tecnologia de Pontos Quânticos, Design AirSlim","R$ 3199,00"
"Samsung Smart TV 70"" UHD 4K 70DU7700 - Processador Crystal 4K, Gaming Hub","R$ 4569,04"
"Smart TV 4K 70"" LG UHD 70UT8050 Processador α5 Ger7 AI Alexa/Chromecast integrado Otimizador de Jogos webOS 24 Controle Smart Magic","R$ 3869,00"
"Smart TV Philips 70"" 4K 70PUG7408/78, Google TV, Comando de Voz, Dolby Vision/Atmos, VRR/ALLM, Bluetooth","R$ 3847,90"
"Samsung Smart TV 55"" OLED 4K 55S90D - Processador com AI, Painel até 144hz","R$ 5699,05"
"Smart TV LG 50"" 4K 50UR871C0SA UHD Wi-Fi, Inteligência Artificial ThinQ, built-in, Google Assistente Design Ultrafino","R$ 2259,00"
"Patrocinado
Suporte Articulado de Parede para TVs de 14"" a 55"" – Ajuste Livre, Suporta até 30kg – Compatível com LED, LCD, Smart TV e Plasma","R$ 104,70"
"Patrocinado
Suporte Móvel Ajustável com Rodinhas Ideal para Geladeiras, Máquinas de Lavar e Móveis, Resistente, Reforçado, Até 200 Kg- Linha Premium","R$ 61,90"
"Patrocinado
Suporte TV Tri Articulado Universal de Parede Para Televisões de 26 a 60 Polegadas Feito em Aço Carbono Suporta 30KG (Triarticulado)","R$ 99,99"
"Smart TV 4K 65"" LG QNED 65QNED85T Processador α8 AI Painel 120Hz Quantum Dot Nanocell Local Dimming Design Super Slim FreeSync webOS 24","R$ 5742,53"
"Smart TV Philips 32"" HD 32PHG6918/78, Google TV, Comando de Voz, HDR, 3 HDMI, Wifi 5G, Bluetooth","R$ 1233,56"
"Smart TV 4K 75"" LG UHD 75UT8050 Processador α5 Ger7 AI Alexa/Chromecast integrado Otimizador de Jogos webOS 24 Controle Smart Magic","R$ 5224,04"
"Samsung Smart TV Neo QLED 55"" 4K UHD QN85C - Alexa built in, Mini Led, Processador com IA, Preto Titan","R$ 4099,00"
"Samsung Smart TV LED 32"" HD LS32BETBL - Wifi, HDMI, USB","R$ 1309,00"
Samsung Smart TV 55 polegadas QLED The Frame LS03D - Tela Matte,"R$ 4644,78"
TCL LED SMART TV 65” P755 4K UHD GOOGLE TV,"R$ 3269,00"
"Smart TV LED 43"" Full HD Samsung LH43BETMLGGXZD, 2 HDMI, 1 USB, Wi-Fi, HDR, Sistema Operacional Tizen e Dolby Digital Plus","R$ 1899,89"
"Smart TV 55"" Mini LED 4K 120 Hz Philips THE XTRA 55PML9118/78, Google TV, Ambilight, P5, DTS Play-Fi, Freesync, Dolby Vision Atmos, 40 WRMS","R$ 3899,00"
"TV LG 55"" LED 4K UHD Smart Pro 55UR871C0SA","R$ 2568,00"
"Smart TV 4K 65"" LG OLED evo OLED65C4 Processador α9 Ger7 AI Painel 144Hz Intensificador de Brilho Design Ultra Slim Dolby Vision Dolby Atmos","R$ 10199,00"
"TCL Premium 4K QD-Mini LED 75"" C755 Google TV Dolby Vision IQ","R$ 7489,50"
"Smart TV Philips Ambilight 65"" 4K 65PUG7908/79, Google TV, Comando de Voz, Dolby Vision/Atmos, VRR/ALLM, Bluetooth","R$ 4132,94"
"Hisense Smart TV UHD 4K QLED 75"" Polegadas 75Q6N Google TV com HDR10+, Dolby Atmos, Modo Esporte, Modo Jogo Plus e Compatível com Alexa","R$ 4889,84"
"TCL LED TV 43"" S5400A FHD Android TV","R$ 1709,06"
"Smart TV 65"" Mini LED 4K 120 Hz Philips THE XTRA 65PML9118/78, Google TV, Ambilight, P5, DTS Play-Fi, Freesync, Dolby Vision Atmos, 40 WRMS","R$ 5199,00"
"Smart TV 75"" Mini LED 4K 120 Hz Philips THE XTRA 75PML9118/78, Google TV, Ambilight, P5, DTS Play-Fi, Freesync, Dolby Vision Atmos, 40 WRMS","R$ 6799,00"
"Smart TV Philips 50"" 4K 50PUG7408/78, Google TV, Comando de Voz, Dolby Vision/Atmos, VRR/ALLM, Bluetooth","R$ 2019,79"
"Smart TV 4K 65"" LG OLED evo OLED65G4 Processador α11 AI Painel 144Hz Intensificador de Brilho Máximo Design Onewall Dolby Vision Dolby Atmos","R$ 14755,90"
"Smart TV 4K 65"" LG QNED 65QNED80T Processador α5 Ger7 AI Quantum Dot Nanocell Local Dimming Design Super Slim Alexa/Chromecast integrado webOS 24","R$ 4463,05"
"Smart TV 4K 70"" LG NanoCell 70NANO80T Processador α5 Ger7 AI Hub de Esportes Alexa/Chromecast integrado webOS 24 Controle Smart Magic","R$ 3799,00"
"Smart TV LED 32"" HD AOC 32S5135/78G - Design sem bordas, Wifi, Conversor Digital, USB, HDMI","R$ 999,00"
"Smart TV 4K 55"" LG OLED evo OLED55G4 Processador α11 AI Painel 144Hz Intensificador de Brilho Máximo Design Onewall Dolby Vision Dolby Atmos","R$ 8195,00"
Samsung Smart TV 43 polegadas QLED The Frame LS03D - Tela Matte,"R$ 3432,99"
"Patrocinado
Suporte Articulado de Parede para TVs de 14"" a 55"" – Ajuste Livre, Suporta até 30kg – Compatível com LED, LCD, Smart TV e Plasma","R$ 104,70"
"Patrocinado
Suporte Móvel Ajustável com Rodinhas Ideal para Geladeiras, Máquinas de Lavar e Móveis, Resistente, Reforçado, Até 200 Kg- Linha Premium","R$ 61,90"
"Patrocinado
Suporte TV Tri Articulado Universal de Parede Para Televisões de 26 a 60 Polegadas Feito em Aço Carbono Suporta 30KG (Triarticulado)","R$ 99,99"
TCL LED SMART TV 75” P755 4K UHD GOOGLE TV,"R$ 4718,18"
"Smart TV Philips Ambilight 75"" 4K 75PUG7908/78, Google TV, Comando de Voz, Dolby Vision/Atmos, VRR/ALLM, Bluetooth","R$ 5679,90"
"SMART TV LG 32"" 32LR651CBSA ThinQ AI Amazon Alexa Apple Airplay 2 HDR 10 Otimizador de Games AI Sound","R$ 1099,00"
"Smart TV 50"" 4K LG UHD ThinQ AI 50UR8750PSA HDR Bluetooth Alexa Google Assistente Airplay2 3 HDMI","R$ 2989,00"
"Samsung Smart TV OLED 55"" 4K UHD 55S90C - Alexa built in, Processador com IA, Painel de Pontos Quanticos","R$ 5599,00"
"Samsung Smart TV 50"" UHD 4K 50DU7700 - Processador Crystal 4K, Gaming Hub","R$ 2849,00"
"Samsung Combo Smart Big TV 75"" Crystal UHD 4K 75DU8000 2024 + Soundbar HW-B550/ZD","R$ 5799,00"
"SmartTV Aiwa 55” Android, 4K, Borda Ultrafina, Dolby Vision & Atmos - AWS-TV-55-BL-01 TV 55"" ANDROID - BORDA INFINITA AWS-TV-55-BL-01 BIVOLT","R$ 2418,07"
"Smart TV 40"" AOC Roku TV DLED Full HD 40S5045/78G - 220V","R$ 1559,00"
"Smart TV 4K 48"" LG OLED evo Gaming TV OLED48C4 Processador α9 Ger7 AI Painel 144Hz Design Ultra Slim Dolby Vision Dolby Atmos G-Sync FreeSync","R$ 5249,00"
"Smart TV Philips 32"" HD 32PHG6909/78 Google TV, Comando de Voz, HDR","R$ 1199,00"
"Samsung Smart TV 65"" Neo QLED 4K 65QN85D - Processador com AI, Upscaling 4K, Mini LED, Painel 120hz","R$ 7604,10"
"Samsung Smart TV 70"" QLED 4K 70Q65D - Tecnologia de Pontos Quânticos, Design AirSlim","R$ 6999,00"
"Smart TV 4K 55"" LG UHD 55UT9050 Processador α5 Ger7 AI Design Super Slim Alexa/Chromecast integrado webOS 24 Controle Smart Magic","R$ 2659,00"
"LG TV HOTEL 65""LED 4K UHD SMART 65UR871C ULTRAFINO, HDMI/USB, THINQ AI WEBOS 23, GOOGLE ASSISTENTE ALEXA","R$ 4689,00"
"Samsung Combo Smart TV 55"" QLED 4K 55Q65D 2024 + Soundbar HW-B550/ZD","R$ 4366,25"
Samsung Smart TV 50 polegadas QLED The Frame LS03D - Tela Matte,"R$ 4399,00"
"Samsung Smart TV 55"" UHD 4K 55DU7700 - Processador Crystal 4K, Gaming Hub","R$ 3149,00"
"Samsung Smart TV 55"" QLED 4K 55Q65D - Tecnologia de Pontos Quânticos, Design AirSlim","R$ 3899,00"
"Smart TV 4K 75"" LG NanoCell 75NANO80T Processador α5 Ger7 AI Hub de Esportes Alexa/Chromecast integrado webOS 24 Controle Smart Magic","R$ 5499,55"
"Smart TV HQ 50"" UHD tela sem bordas Android 13 design Slim HQS50NKHM","R$ 1879,00"
"Smart TV Philips 43"" Full HD 43PFG6918/78, Google TV, Comando de Voz, HDR, 3 HDMI, Wifi 5G, Bluetooth","R$ 2092,55"
"Smart TV Samsung 58"" UHD 4K 58CU7700 2023 + Soundbar HW-B550 Combo","R$ 4561,10"
"Samsung Smart TV 65"" QLED 4K 65Q65D - Tecnologia de Pontos Quânticos, Design AirSlim","R$ 5599,00"
"Patrocinado
Suporte Articulado de Parede para TVs de 14"" a 55"" – Ajuste Livre, Suporta até 30kg – Compatível com LED, LCD, Smart TV e Plasma","R$ 104,70"
"Patrocinado
Suporte Móvel Ajustável com Rodinhas Ideal para Geladeiras, Máquinas de Lavar e Móveis, Resistente, Reforçado, Até 200 Kg- Linha Premium","R$ 61,90"
"Patrocinado
Suporte TV Tri Articulado Universal de Parede Para Televisões de 26 a 60 Polegadas Feito em Aço Carbono Suporta 30KG (Triarticulado)","R$ 99,99"
"HQ Smart TV 60"" UHD 4K, HDR, Tela sem bordas, Android 11, Sistema Ultrasound, Design Slim, Processador Quad Core, Espelhamento de tela, HQSTV60NK","R$ 2529,00"
"Samsung Smart TV 65"" UHD 4K 65DU7700 - Processador Crystal 4K, Gaming Hub","R$ 3674,00"
"Samsung Smart Big TV 85"" Crystal UHD 4K 85DU8000 2024, Painel Dynamic Crystal Color, Alexa built in 85""","R$ 8318,63"
"Smart TV LED 32"" HD LG 32LQ621CBSB.AWZ - IA LG ThinQ, Alexa built-in","R$ 1149,90"
"Samsung Smart TV 65"" Neo QLED 8K 65QN800D - Processador com AI, Upscaling 8K AI, Mini LED, Painel até 165hz","R$ 10805,99"
"Samsung Smart TV Crystal 43"" 4K UHD CU7700 - Alexa built in, Samsung Gaming Hub","R$ 2259,00"
"Smart TV 43"" Crystal UHD 4K 43DU8000 2024 + Galaxy Buds FE Combo","R$ 2309,00"
"Smart TV 32"" Toshiba DLED HD - TB020M","R$ 1098,90"
"Smart TV 32"" LG HD 32LR650BPSA Processador α5 Ger6 AI Alexa integrado LG Channels webOS 23 compatível com Controle Smart Magic","R$ 1785,87"
Smart TV 24” Philco PTV24G5YR2CP Roku TV Dolby Audio,N/A
"Smart TV LG 43"" Full HD 43LM6370 WiFi Bluetooth HDR ThinQAI compatível com Inteligência Artificial","R$ 1899,00"
TCL QLED TV 50” C655 4K UHD GOOGLE TV DOLBY VISION ATMOS,N/A
"Smart TV 50"" QLED 4K 50Q60D 2024 + Soundbar HW-B550/ZD Combo","R$ 3599,00"
"Smart TV Neo QLED 55"" 8K UHD Samsung QN55QN700B - Alexa built-in, Mini LED","R$ 6999,00"
Samsung Smart TV 65 polegadas QLED The Frame LS03D - Tela Matte,"R$ 7399,00"
"Samsung AI Big TV 85"" Neo QLED 8K 85QN800D 2024, Processador com AI, Upscaling 8K AI, Mini LED, Painel até 165hz, Alexa Built-in","R$ 49999,00"
"Smart TV QLED 65"" 4K Toshiba 65C450NS Google TV 4 HDMI 2 USB Wi-Fi - TB036M","R$ 3600,57"
"Samsung Smart Big TV 75"" UHD 4K 75DU7700 - Processador Crystal 4K, Gaming Hub","R$ 6099,00"
"Samsung AI TV 65"" OLED 4K 65S90D 2024, Processador com AI, Painel até 144hz, Design LaserSlim, AI Energy Mode, Alexa built in","R$ 9391,99"
"Smart TV Buster LED 29"" HBTV-29D07HD com Conversor Digital Integrado 2 HDMI, 2 USB, Wi-Fi, bivolt.","R$ 1000,00"
"TV Digital Portátil LED 14 Polegadas com Entrada USB, AV, Antena, Fone De Ouvido Monitor Versátil com Tamanho Compacto Entretenimento para Carros, Vans e Demais Transportes","R$ 505,90"
"Samsung AI TV 55"" Neo QLED 4K 55QNX1D 2024, Processador com AI, Upscaling 4K, Mini LED, Painel 120hz, AI Energy Mode, Alexa built in","R$ 5699,00"
Smart TV DLED 32'' HD Toshiba 32V35LS VIDAA 2 HDMI 2 USB Wi-Fi - TB016M,"R$ 1258,90"
"Smart TV QLED 75"" 4K Toshiba 75C450NS Google TV 3 HDMI 2 USB Wi-Fi - TB037M","R$ 4998,90"
"Patrocinado
Suporte Articulado de Parede para TVs de 14"" a 55"" – Ajuste Livre, Suporta até 30kg – Compatível com LED, LCD, Smart TV e Plasma","R$ 104,70"
"Patrocinado
Suporte Móvel Ajustável com Rodinhas Ideal para Geladeiras, Máquinas de Lavar e Móveis, Resistente, Reforçado, Até 200 Kg- Linha Premium","R$ 61,90"
"Patrocinado
Suporte TV Tri Articulado Universal de Parede Para Televisões de 26 a 60 Polegadas Feito em Aço Carbono Suporta 30KG (Triarticulado)","R$ 99,99"
"Smart TV 55"" 4K LG OLED55C3PSA evo 120Hz G-Sync FreeSync Bluetooth ThinQ AI Alexa Google 4HDMI","R$ 5224,00"
"Samsung Smart TV 85 polegadas QLED 4K 85Q70D 2024, Tecnologia de Pontos Quânticos, Processador com AI, Painel até 120Hz, Design AirSlim 85""","R$ 12825,99"
Smart TV 55” Philco PTV55G3ERSGB Roku TV Led Dolby Audio,"R$ 2799,00"
"Smart TV Philips Ambilight 55"" 4K 55PUG7908/78, Google TV, Comando de Voz, Dolby Vision/Atmos, VRR/ALLM, Bluetooth","R$ 2801,54"
"Samsung Smart TV 75 polegadas QLED 4K 75Q70D 2024, Tecnologia de Pontos Quânticos, Processador com AI, Painel até 120Hz, Design AirSlim 75""","R$ 9088,99"
"Samsung combo AI Big TV 85"" Neo QLED 4K 85QN85D 2024 + Soundbar HW-Q930D","R$ 22598,20"
"Samsung Smart TV 65"" QLED 4K The Frame 65LS03D + Music Frame Combo","R$ 9023,25"
"Smart TV 75"" 4K LG UHD ThinQ AI 75UR8750PSA HDR Bluetooth Alexa Google Assistente Airplay2 3 HDMI","R$ 4395,99"
Tv Semp 32 R6610 LED Full HD/Roku/Wifi Dual/Usb/Hdmi,"R$ 1050,26"
"Smart TV 4K 65"" LG UHD 65UT9050 Processador α5 Ger7 AI Design Super Slim Alexa/Chromecast integrado webOS 24 Controle Smart Magic","R$ 4288,90"
"Smart TV 65"" Toshiba QLED 4K Vidaa - TB027M","R$ 4268,82"
"Samsung AI Big TV 75"" Neo QLED 8K 75QN800D 2024, Processador com AI, Upscaling 8K AI, Mini LED, Painel até 165hz, Alexa Built-in","R$ 19622,79"
"Samsung Combo Smart TV 65"" QLED 4K 65Q65D 2024 + Soundbar HW-Q600C","R$ 6018,30"
"TV Digital Monitor Portátil LED HD 15,4"" Portabilidade Multifuncional para Filmes Jogos e Viagens","R$ 546,90"
"TV 19 POLEGADAS, HD LED PARA CAMINHÃO, MOTORHOME, ONIBUS, VAN ESCOLAR","R$ 759,00"
"Smart TV 70"" 4K LG UHD ThinQ AI 70UR8750PSA HDR Bluetooth Alexa Google Assistente Airplay2 3 HDMI","R$ 3999,00"
"Samsung Smart Gaming TV 55"" Neo QLED 4K 55QN90D - Processador com AI, Upscaling 4K, Mini LED, Painel até 144hz","R$ 5999,00"
"Smart TV LG 55"" 55UT801C0SA 4K UHD Bluetooth 2 USB 3 HDMI Wi-fi Thinq AI Assistência Alexa Design Ultrafino Controle Smart Magic Webos 24","R$ 2499,00"
SMART TV LG 75 4K UHD 75UR871C,"R$ 5199,00"
"Smart TV 65"" Toshiba DLED 4K - TB024M",N/A
"TV Samsung Business Smart 4K 55"" LH55BECHVGGXZD","R$ 3300,00"
"Smart TV HQ 32"" HD tela sem bordas Androind 12 design slim HQS32NKHM","R$ 929,00"
"TV Samsung Business Smart 4K 65"" LH65BECHVGGXZD","R$ 3499,90"
Smart TV DLED 32 HD Multi Android 11 3HDMI 2USB Bluetooth - TL062M,N/A
"Patrocinado
Suporte Articulado de Parede para TVs de 14"" a 55"" – Ajuste Livre, Suporta até 30kg – Compatível com LED, LCD, Smart TV e Plasma","R$ 104,70"
"Patrocinado
Suporte Móvel Ajustável com Rodinhas Ideal para Geladeiras, Máquinas de Lavar e Móveis, Resistente, Reforçado, Até 200 Kg- Linha Premium","R$ 61,90"
"Patrocinado
Suporte TV Tri Articulado Universal de Parede Para Televisões de 26 a 60 Polegadas Feito em Aço Carbono Suporta 30KG (Triarticulado)","R$ 99,99"
Combo Samsung Smart TV 65 polegadas QLED 4K 65Q70D 2024 + Soundbar HW-Q800D,"R$ 8023,25"
Smart TV 42” Philco PTV42G6FR2CPF Roku TV LED Dolby Áudio,"R$ 2018,35"
Kit Led Smart Tv Ambient Light Wifi Google Alexa,"R$ 329,90"
"Smart TV Samsung UN32T4300AGXZD LED 32"" HD com Suporte Fixo Universal Para TV ELG de 14” a 100”","R$ 1242,53"
"TCL 43P635 - Smart TV LED 43"", 4K UHD, Google TV, Wifi, USB","R$ 2089,90"
"Samsung Smart TV Crystal 55"" 4K UHD CU7700 - Alexa built in, Samsung Gaming Hub",N/A
"Smart TV LG 43"" 43LR671C0SA ThinQ AI Amazon Alexa Apple Airplay 2 HDR 10 Otimizador de Games AI Sound","R$ 1699,00"
"Smart TV 43"" 4K LG UHD ThinQ AI 43UR7800PSA HDR Bluetooth Alexa Google Assistente Airplay2 3 HDMI",N/A
"Smart TV LED 50"" 4K UHD TCL 50P635 - Google TV, Wifi, HDMI , PRETO",N/A
"Smart TV Philips 55"" 4K HDR 55PUG7019/78, Google TV, Comando de Voz","R$ 2699,00"
"Samsung Combo Smart TV 65"" QLED 4K 65Q65D 2024 + Soundbar HW-B550/ZD","R$ 6126,15"
"Smart TV LG 32"" HD 32LQ620 WiFi Bluetooth HDR ThinQAI compatível com Smart Magic Google Alexa","R$ 1953,00"
SMART TV SAMSUNG BE65D-H UHD 4K 3HDMI 1USB TIZEN,"R$ 3516,67"
"Smart TV DLED 43"" Full HD Toshiba 43V35L VIDAA 2 HDMI 2 USB Wi-Fi - TB017M","R$ 1799,90"
"Moldura para Smart TV 50"" The Frame 2021 cor marrom","R$ 399,00"
"Samsung Combo Smart TV 43"" Crystal UHD 4K 43DU8000 2024 + Galaxy Buds3","R$ 2809,00"
"Smart TV Aiwa 50”, Android, 4K, Borda Ultrafina, HDR10, Dolby Áudio - AWS-TV-50-BL-02-A",N/A
Capa TV Led Lcd 70 Polegadas Impermeável Abertura Traseira,"R$ 109,90"
"Samsung AI Big TV 75"" Neo QLED 4K 75QN85D 2024, Processador com AI, Upscaling 4K, Mini LED, Painel 120hz, AI Energy Mode, Alexa built in","R$ 14744,99"
Fast Smart TV Philco 32” PTV32G7PR2CSBLH Dolby Audio Led Bivolt,N/A
"Smart TV LED 50"" 4K UHD Semp RK8600 - Roku, Alexa, Wifi",N/A
"Smart TV 4K 65"" LG QNED MiniLED 65QNED90T Processador α8 AI Painel 120Hz Quantum Dot Nanocell Dolby Vision Dolby Atmos FreeSync webOS 24","R$ 8128,13"
"Monitor Smart Samsung 32"", UHD, Plataforma Tizen, HAS, Alexa, M8 2023","R$ 5028,90"
"Samsung Smart Gaming TV 65"" Neo QLED 4K 65QN90D - Processador com AI, Upscaling 4K, Mini LED, Painel até 144hz","R$ 10499,00"
"Patrocinado
Suporte Articulado de Parede para TVs de 14"" a 55"" – Ajuste Livre, Suporta até 30kg – Compatível com LED, LCD, Smart TV e Plasma","R$ 104,70"
"Patrocinado
Suporte Móvel Ajustável com Rodinhas Ideal para Geladeiras, Máquinas de Lavar e Móveis, Resistente, Reforçado, Até 200 Kg- Linha Premium","R$ 61,90"
"Patrocinado
Suporte TV Tri Articulado Universal de Parede Para Televisões de 26 a 60 Polegadas Feito em Aço Carbono Suporta 30KG (Triarticulado)","R$ 99,99"
"Smart TV 43"" Crystal UHD 4K 43DU8000 2024 + Galaxy Buds3 Combo","R$ 2809,00"
"Tv portátil de 12 polegadas com antena, tv pequena com tv digital atsc para viagens de carro de acampamento, televisão digital 1080 p para interior ao ar livre","R$ 680,00"
"Smart TV 65"" QLED 4K 65Q60D 2024 + Soundbar HW-S800D Combo","R$ 7848,10"
"Smart TV 55"" Crystal UHD 4K 55DU8000 2024 + Galaxy Buds FE Combo","R$ 3049,00"
"Smart TV 50"" Crystal UHD 4K 50DU8000 2024 + Galaxy Buds FE Combo","R$ 2739,00"
"Smart TV 55"" 4K LG NanoCell 55NANO77SRA Bluetooth ThinQ AI Alexa Google assistente Airplay 3 HDMI","R$ 4022,62"
"SMART TV 43"" TRONOS PRETO TRS43SFA11 HD","R$ 1799,99"
Capa TV Led Lcd 32 Polegadas Impermeável Abertura Traseira,"R$ 79,90"
"Multi Roku TV 32"" Smart com imagem HD 3 HDMI 2 USB compatível com Alexa e Google Home - TL052M","R$ 1249,90"
Controle Remoto para Projetor Salange HY300,N/A
Capa TV Led Lcd 65 Polegadas Impermeável Abertura Traseira,"R$ 99,90"
"Samsung Smart Big TV 75"" QLED 4K The Frame 75LS03D, Tela Matte antirreflexo, Molduras customizáveis, Modo Arte 75""","R$ 13499,00"
Moldura para Smart TV 65'' The Frame 2021 cor marrom,"R$ 399,00"
Fast Smart TV Philco 58” PTV58GAGSKSBL Dolby Audio 4K LED,"R$ 3499,90"
"Fast Smart TV QLED 65'', Ultra HD 4K, PTV65G3BGTSSBL, Philco, Dolby Vision, Dolby Atmos, Google TV, Eye Protection","R$ 3889,00"
SMART LED TV 39” FULL HD BUSTER WIFI HDMI PRETO ANDROID 12,"R$ 1699,99"
"Smart TV QLED 55"" 4K Toshiba 55C450NS Google TV 3 HDMI 2 USB Wi-Fi - TB035M","R$ 2880,57"
TCL QLED TV 50” C645 4K UHD GOOGLE TV DOLBY VISION GAMING,N/A
"Smart TV 86"" 4K LG UHD ThinQ AI 86UR8750PSA HDR Bluetooth Alexa Google Assistente Airplay2 3 HDMI",N/A
"SYLVOX TV de banheiro, TV espelhada inteligente de 61.0 cm para banheiro chuveiro SPA, sistema Google mais recente, botão de toque à prova d'água 1080p IP66 WiFi Bluetooth Google Assistant, Smart TV",N/A
Smart TV OLED 65 4K 65X9900LS Google TV 4HDMI 2USB Wi-Fi Toshiba - TB018M,"R$ 9448,90"
"Hisense Smart TV UHD 4K QLED 55"" Polegadas 55Q6N Google TV com HDR10+, Dolby Atmos, Sports Mode, Game Mode Plus e Compatível com Alexa","R$ 2624,99"
"Samsung Smart TV 65"" QLED 4K 65Q60D 2024 + Soundbar HW-B550 Combo","R$ 6316,10"
"Smart TV LED 43"" Full HD Semp Roku R6610 3 HDMI 1 USB Wi-Fi Compatível com Google Assistant e Alexa",N/A
"Patrocinado
Suporte Articulado de Parede para TVs de 14"" a 55"" – Ajuste Livre, Suporta até 30kg – Compatível com LED, LCD, Smart TV e Plasma","R$ 104,70"
"Patrocinado
Suporte Móvel Ajustável com Rodinhas Ideal para Geladeiras, Máquinas de Lavar e Móveis, Resistente, Reforçado, Até 200 Kg- Linha Premium","R$ 61,90"
"Patrocinado
Suporte TV Tri Articulado Universal de Parede Para Televisões de 26 a 60 Polegadas Feito em Aço Carbono Suporta 30KG (Triarticulado)","R$ 99,99"
"Smart TV 55"" 4K LG UHD ThinQ AI 55UR8750PSA HDR Bluetooth Alexa Google Assistente Airplay2 3 HDMI",N/A
"Smart TV 75"" Toshiba DLED 4K - TB025M","R$ 5399,00"
"Smart TV LED 32"" HD AOC 32S5195/78G - Wifi, USB, HDMI","R$ 1299,90"
"Smart TV 4K 75"" LG QNED 75QNED85T Processador α8 AI Painel 120Hz Quantum Dot Nanocell Local Dimming Design Super Slim FreeSync webOS 24","R$ 9187,95"
"Smart TV 55"" Toshiba QLED 4K Vidaa - TB026M","R$ 3299,00"
Smart TV 55” Philco PTV55G7PR2CSB Roku TV Dolby Audio,"R$ 2488,62"
Samsung Combo Smart TV 55 polegadas QLED 4K 55Q70D 2024 + Soundbar HW-Q600C Combo,"R$ 5398,25"
"Smart TV Qled 55"" 4K Multi Android 3HDMI 2USB - TL073M","R$ 2833,90"
Samsung Smart TV 75'' QLED 4K 75Q70D 2024 + Soundbar HW-Q800D Combo,"R$ 11173,25"
"Smart TV 65"" 4K LG UHD ThinQ AI 65UR8750PSA HDR Bluetooth Alexa Google Assistente Airplay2 3 HDMI",N/A
"Smart TV QLED 75"" 4K UHD Samsung Q70C - Alexa built in, Modo Game, Som em Movimento",N/A
Tv Digital/Monitor Led 9 Colorido Cftv Modelo Mtm-909,"R$ 618,99"
"TLC, Smart TV LED 32' HD Semp 32R6500 - Wifi, HDMI, USB, preto","R$ 1449,99"
"TCL Smart TV LED 65"" 4K UHD 65P735 - Google TV, Wifi, HDMI",N/A
"SAMSUNG Smart TV Crystal 50"" 4K UHD CU7700 - Alexa built in, Samsung Gaming Hub, Preto",N/A
"SAMSUNG Smart TV Crystal 65'' 4K UHD CU8000 - Alexa built in, Gaming Hub, Painel Dynamic Crystal Color",N/A
"Samsung AI TV 65"" Neo QLED 4K 65QNX1D 2024, Processador com AI, Upscaling 4K, Mini LED, Painel 120hz, AI Energy Mode, Alexa built in 65""","R$ 9999,00"
"HQ Smart TV LED 50"" HQSTV50NY Ultra HD 4K Netflix Youtube 3 HDMI 2 USB Wi-Fi",N/A
LG SMARTV 43 4K UHD BLUETOOH WIFI IA THINQ AI GOOGLE ASSIS ALEXA,"R$ 2704,06"
Parafusos de substituição de TV para Samsung BN96-36261A (M4XL14) - Conjunto de 4,"R$ 111,35"
"SAMSUNG SMART TV CRYSTAL UHD 4K BU8000 85"", SLIM, TELA SEM LIMITES, VISUAL LIVRE DE CABOS, ALEXA COMPATIVEL, CONTROLE ÚNICO",N/A
"Samsung AI Big TV 85"" Neo QLED 4K 85QN85D 2024, Processador com AI, Upscaling 4K, Mini LED, Painel 120hz, AI Energy Mode, Alexa built in","R$ 19189,00"
"Smart TV LED 55' 4K UHD TCL 55P635 - Google TV, Wifi, PRETO",N/A
"Smart TV 55"" 4K Dolby Audio Toshiba Vidaa - TB023M","R$ 2865,90"
"Patrocinado
Suporte Articulado de Parede para TVs de 14"" a 55"" – Ajuste Livre, Suporta até 30kg – Compatível com LED, LCD, Smart TV e Plasma","R$ 104,70"
"Patrocinado
Suporte Móvel Ajustável com Rodinhas Ideal para Geladeiras, Máquinas de Lavar e Móveis, Resistente, Reforçado, Até 200 Kg- Linha Premium","R$ 61,90"
"Patrocinado
Suporte TV Tri Articulado Universal de Parede Para Televisões de 26 a 60 Polegadas Feito em Aço Carbono Suporta 30KG (Triarticulado)","R$ 99,99"
"Combo Samsung AI Big TV 75"" Neo QLED 4K 75QN85D 2024 + Soundbar HW-Q930D Combo","R$ 16998,25"
Smart Tv 32'' Hd Preta Tronos Trs32sfa11 Bivolt,"R$ 1099,99"
"Samsung Smart TV QLED 55"" 4K UHD Q60C - Alexa built in, Modo Game, Tela sem limites",N/A
"Smart TV 4K 77"" LG OLED evo OLED77C4 Processador α9 Ger7 AI Painel 144Hz Intensificador de Brilho Design Ultra Slim Dolby Vision Dolby Atmos","R$ 22219,00"
"Samsung AI Big TV 83"" OLED 4K 83S90D 2024, Processador com AI, Painel até 144hz, Design LaserSlim, AI Energy Mode, Alexa built in","R$ 46314,74"
Tela 43 Polegadas Full Hd + Conversor Tv Digital Externo Multilaser – TL029,"R$ 2099,00"
"Smart TV 55"" 4K LG 55QNED80SRA Quantum Dot NanoCell 120Hz FreeSync ThinQ AI Alexa Google 4HDMI",N/A
"Amtone Norcent N24H-S1 24 Polegadas 720P Hd Led Smart Tv Com Sistema Webos Integrado, Portas Ópticas Hdmi Arc Usb, Com Função Tts (Norcent N24H-S1)","R$ 1526,09"
"Smart TV LED Crystal UHD 65"", 4K, Samsung LH65BEAHVGGXZD, Tizen, Wi-Fi, 3 HDMI, 1 USB, Bluetooth","R$ 3899,00"
"Feihe TV de cozinha de tela plana pequena de 14 polegadas com antena ATSC Tuner/USB/HDMI/AV/VGA, suporte de TV embutido e controle remoto para carro, trailer, acampamento, ao ar livre ou escritório","R$ 1260,22"
"Samsung Smart Super Big TV 98"" Crystal UHD 4K 98DU9000 2024, Processador Crystal 4K, Painel até 120Hz, Alexa built in 98""","R$ 24743,99"
"Smart TV LED 75"" 4K UHD Samsung UN75AU7700GXZD - Alexa built-in",N/A
"Samsung Smart TV Crystal 55"" 4K UHD CU8000 - Alexa built in, Samsung Gaming Hub, Painel Dynamic Crystal Color",N/A
Smart TV DLED 55'' 4K Toshiba 55C350LS VIDAA 3 HDMI 2 USB Wi-Fi - TB011M,N/A
"Smart TV Toshiba 50"" Dolby Audio 4K Vidaa - TB022M","R$ 2495,90"
"Smart TV LG 77"" 4K OLED Evo WebOS 23 ThinQ AI OLED77C3PSA",N/A
"Samsung Combo AI Gaming TV 65"" Neo QLED 4K 65QN90D 2024 + Soundbar HW-Q800D","R$ 11548,18"
"Jexiop Mini TV de 7 polegadas, TV portátil e tela IPS 1080p TV - Sintonizador digital ATSC de saída de fones de ouvido - entrada USB/TF - entrada HDMI, TV DC-12V para acampamento e cozinha (azul)","R$ 1072,48"
TCL LED SMART TV 75” P635 4K UHD GOOGLE TV,N/A
Smart Tv 65 Polegadas 4k Quad Core Com Wi-Fi e Bluetooth Philips,N/A
Painel de Tv Suspenso até 45 Polegadas Ripado Off White Cor: Natural com Off White,"R$ 346,14"
"Samsung Smart TV 85"" Crystal UHD 4K 85CU8000, Painel Dynamic Crystal Color, Samsung Gaming Hub, Design AirSlim, Tela sem limites, Alexa built in, Controle Remoto Único",N/A
"Smart TV 65"" 4K LG 65QNED80SRA Quantum Dot NanoCell 120Hz FreeSync ThinQ AI Alexa Google 4HDMI",N/A
Smart TV Britânia BTV32G51SN Led 32,"R$ 1450,00"
"Patrocinado
Suporte Articulado de Parede para TVs de 14"" a 55"" – Ajuste Livre, Suporta até 30kg – Compatível com LED, LCD, Smart TV e Plasma","R$ 104,70"
"Patrocinado
Suporte Móvel Ajustável com Rodinhas Ideal para Geladeiras, Máquinas de Lavar e Móveis, Resistente, Reforçado, Até 200 Kg- Linha Premium","R$ 61,90"
"Patrocinado
Suporte TV Tri Articulado Universal de Parede Para Televisões de 26 a 60 Polegadas Feito em Aço Carbono Suporta 30KG (Triarticulado)","R$ 99,99"
"Samsung Smart TV Neo QLED 65"" 8K QN800C - Alexa built in, Mini Led, Processador com IA",N/A
"Smart TV QLED 65"" 4K UHD Samsung Q60C - Alexa built in, Modo Game, Tela sem limites",N/A
"Samsung Smart TV 98"" QLED 4K 98Q80C 2023, Modo Game, Processador com IA, Som Movimento Virtual 98""",N/A
"Samsung Smart TV Crystal 70"" 4K UHD CU7700 - Alexa built in, Samsung Gaming Hub",N/A
"Samsung Smart TV Crystal 75"" 4K UHD CU7700 - Alexa built in, Samsung Gaming Hub",N/A
"Moldura para Smart TV 43"" The Frame 2021 cor marrom","R$ 399,00"
"Smart TV 43"" Toshiba Dled Full HD 43v35ms Vidaa - TB021M","R$ 1909,90"
"Samsung UN50AU7700GXZD - Smart TV LED 50"", 4K UHD, Wifi, HDMI",N/A
"Smart TV LED 50"" 4K UHD LG 50UQ7950 - Alexa, ThinQAI, Google, Wifi, Bluetooth",N/A
"Smart TV LED 55' 4K UHD Samsung UN55AU7700 - Wifi, HDMI","R$ 4449,90"
"Smart TV LED 43"" HQ Conversor Digital Externo 3 HDMI 2 USB WI-FI Android 11 Design Slim, PRETO","R$ 1778,70"
"Samsung Smart TV OLED 65"" 4K UHD 65S90C - Alexa built in, Processador com IA, Painel de Pontos Quanticos",N/A
"Smart TV QLED 65"" 4K UHD Samsung QN65LS03B - The Frame, Wifi",N/A
"Smart TV Roku 4K UHD 58” TV PTV58G70RCBL 4K LED - Wi-Fi 3 HDMI, USB, PHILCO",N/A
"Smart TV LED 40"" Panasonic TC-40FS500B Full HD 2 USB, 2 HDMI Preta",N/A
"Tela 32 Pol. HD, Smart E Wifi Integrado, Sistema Android, Dolby Audio, Google assistente, loja de app, HDMI + USB + RJ45 + AV Multilaser - TL042, Tamanho: 32""",N/A
"Tela 32 Pol, HD Com função DNR, Smart E Wifi Integrado Entradas HDMI/USB/RJ45/AV Multilaser – TL026","R$ 1499,00"
"Smart TV QLED 85"" 4K UHD Samsung Q70C - Alexa built in, Modo Game, Tela sem limites",N/A
"Smart TV 50"" Aoc Roku 4K Série 6125-50U6125/78G",N/A
"Smart TV Neo QLED 65"" 8K Samsung QN65QN800B - Alexa built-in",N/A
Transmissor Wireless HDMI MPD-G02 para TV,"R$ 140,24"
"Capas de TV Pano de Capa de Poeira, Capa de TV LCD, Tela de TV, Pinturas Decorativas, Protetores de Exibição de TV, Arte Tela de TV, Impressão Universal, À Prova de Poeira, Proteger Capa de TV","R$ 428,98"
"6 Spline 1 Extensor e Adaptador de Tomada de Força de 3/8 pol. para Trator de até 70, Conexão Segura, Redução de Acidentes Com Compatibilidade de Engate Rápido de 3 Pontos",N/A
"Smart TV 50"" Crystal UHD 4K 50DU8000 2024 + Galaxy Buds3 Combo","R$ 3539,00"
"Patrocinado
Suporte Articulado de Parede para TVs de 14"" a 55"" – Ajuste Livre, Suporta até 30kg – Compatível com LED, LCD, Smart TV e Plasma","R$ 104,70"
"Patrocinado
Suporte Móvel Ajustável com Rodinhas Ideal para Geladeiras, Máquinas de Lavar e Móveis, Resistente, Reforçado, Até 200 Kg- Linha Premium","R$ 61,90"
"Patrocinado
Suporte TV Tri Articulado Universal de Parede Para Televisões de 26 a 60 Polegadas Feito em Aço Carbono Suporta 30KG (Triarticulado)","R$ 99,99"
"othoig TV de 20 polegadas, pequena televisão de ecrã plano de cozinha com auriculares, portas HDMI, USB e VGA, cabo DV-12 V e adaptador de CA para uso no seu quarto e caravana (TV de vista","R$ 2359,90"
GSGC Capa de TV Capa protetora contra poeira de TV 32-80 polegadas capa decorativa universal para monitor interno LCD LED plasma pendurado curvo protetor de tela de TV plana-Azul-5#||78 polegadas (182,"R$ 649,88"
"GSGC Capa de TV para tela de TV, capa universal para ambientes internos de 32 a 80 polegadas, capa para monitor LCD LED para pendurar em casa, mesa, curva, universal, tela de TV, pano à prova de","R$ 428,98"
GSGC Capa de TV Capa à prova de poeira para ambientes internos LCD/LED protetor de tela à prova de poeira e sol capa de exibição de computador pintura colorida impressa decoração de sala de estar,"R$ 392,31"
"Máquina de publicidade integrada Windows Multimedia Touch, reprodutor de publicidade em tela LED externa de 21,5 polegadas, qualidade HD 16:9 1080p, adequado para metrôs e cinemas, 27 polegadas","R$ 5946,41"
Smart TV DLED 32 HD Toshiba 32V35KB VIDAA 2HDMI 2USB Wi-fi - TB007M,"R$ 1399,00"
Capa de TV padrão de pintura à prova de poeira capas de TV internas 32-80 polegadas protetor de tela de monitor de parede protetor de tela LCD LED protetor de tela para televisão/computador -,"R$ 255,74"
"TV portátil com tela inteligente de 21,5 polegadas | Tela sensível ao toque rotativa 1080p | Câmera 8MP | Roda universal silenciosa | Tempo de reprodução de vídeo 8H | OS Android | 4G RAM + ROM 64G","R$ 8109,55"
Testador de Cabo de Rede Portátil Rj11 Toner Fio Rastreador Tone Line Finder Detector Ferramenta de Rede Testadores Perímetro de Rede Rede Doméstica e Conectividade,N/A
"Smart Big TV 85"" Crystal UHD 4K 85DU8000 2024 + Galaxy Tab A9+ (Wi-Fi) Combo","R$ 8789,00"
"Smart TV 55"" Crystal UHD 4K 55DU8000 2024 + Galaxy Buds3 Combo","R$ 3849,00"
"Samsung Smart TV 55"" QLED 4K 55Q70D 2024 + Soundbar HW-B550/ZD Combo","R$ 5326,10"
"Capa de TV para ambientes internos, capas de TV simples, cor pura, capas de TV elásticas elásticas protetoras de tela de TV macia, à prova de poeira e proteção solar, capa decorativa para pendurar","R$ 284,06"
"Capa de TV para ambientes internos para TV, capa de proteção contra poeira de 81 a 203 cm, capas de computador, universal para pendurar / desktop/protetor de tela curvado Fabic para LCD, LED, capas","R$ 428,98"
"FANGOR Moldura digital WiFi de 10,1 polegadas (pacote com 2) com tela sensível ao toque IPS HD, moldura inteligente para fotos em nuvem com armazenamento integrado de 32 GB, rotação automática,","R$ 1728,11"
"FREE SIGNAL TV Smart Tv Transit Platinum de 12 Volts, Tv de 28"" com Reprodutor de Dvd, Aplicativos de Pré-Download, Bluetooth/Wifi Incluído, Alimentação Ca/Cc com Resolução Hd de 1080P, Hdmi/Usb, Uso",N/A
"Smart TV 85"" Neo QLED 8K 85QN800C 2023 + AI TV 55"" Neo QLED 4K 55QNX1 2024 Combo","R$ 48598,10"
"Smart TV 50"" Crystal UHD 4K 50DU8000 2024 + Galaxy Buds3 Combo","R$ 3539,00"
"Jexiop TV de 17 polegadas, TV de tela plana pequena com sintonizador digital ATSC - HDMI e porta USB em alimentação dupla - cabo carregador de 12 volts e alimentação CA adequado para caravana,","R$ 1486,57"
"Capa de TV para televisões/computador, estampa floral, estampa floral, quarto, sala de estar, 32 polegadas - 80 polegadas, protetor de tela de TV LCD/LED universal multifunção-9#||119.4-127.0 cm (116","R$ 494,06"
"Samsung AI TV 48"" OLED 4K 48S90D 2024, Processador com AI, Painel até 144hz, Design LaserSlim, AI Energy Mode, Alexa built in","R$ 6299,00"
"AI Big TV 75"" Neo QLED 8K 75QN800D 2024 + AI TV 55"" Neo QLED 4K 55QNX1 2024 Combo","R$ 26098,10"
"Smart TV 55"" UHD 4K 55DU7700 2024 + Soundbar HW-B550/ZD Combo","R$ 6948,00"
"Desobry TV portátil de 19 polegadas com sintonizador digital ATSC, TV pequena com bateria embutida de 8000 mAh, monitor portátil com entrada HDMI 1080p, entrada AV, USB, TV pequena para viagens,",N/A
"Patrocinado
Suporte Articulado de Parede para TVs de 14"" a 55"" – Ajuste Livre, Suporta até 30kg – Compatível com LED, LCD, Smart TV e Plasma","R$ 104,70"
"Patrocinado
Suporte Móvel Ajustável com Rodinhas Ideal para Geladeiras, Máquinas de Lavar e Móveis, Resistente, Reforçado, Até 200 Kg- Linha Premium","R$ 61,90"
"Patrocinado
Suporte TV Tri Articulado Universal de Parede Para Televisões de 26 a 60 Polegadas Feito em Aço Carbono Suporta 30KG (Triarticulado)","R$ 99,99"
"Quadros de TV Deco – Moldura inteligente bronze contemporânea, compatível apenas com Samsung The Frame TV (chip colorido de 3 polegadas)","R$ 47,31"
"15,6 polegadas 1080p LED RV TV - Monitor de tela plana TV FHD com HDMI, RCA, combo de disco multimídia, adaptador de carro 12V/24V, alto-falante estéreo de gama completa, montagem na parede, funciona com Mac PC, inclui controle remoto","R$ 1837,97"
"TV portátil de 21,5 polegadas (1080 x 1920 IPS) + câmera de 8 MP, tela totalmente rotativa (4G RAM + 64G ROM) + roda universal silenciosa, para entretenimento doméstico","R$ 7904,76"
"Smart TV 98 polegadas QLED Super Big 4K 98Q80C 2023 + AI TV 55"" Neo QLED 4K 55QN85D 2024 Combo","R$ 45998,00"
"Desobry TV portátil de 19,1 polegadas com sintonizador digital ATSC, TV pequena com bateria embutida de 8000 mAh, monitor portátil com entrada HDMI 1080p, entrada AV, USB, TV pequena para viagens,",N/A
"Smart TV 50"" UHD 4K 50DU7700 2024 + Soundbar HW-B550 Combo","R$ 6648,00"
"Samsung AI TV 65"" Neo QLED 4K 65QN85D 2024 + Music Frame Samsung LS60D Combo","R$ 11498,10"
"OAKCHA Tv Pequena 720P de 13,3 Polegadas, Tv Portátil com Sintonizador Atsc de Antena, Entrada Hdmi/Av, Porta Usb, Operada por Bateria Recarregável, Adequada para Acampamento de Carro Rv de Cozinha","R$ 1184,37"
"Smart TV QLED 50"" 4K Toshiba 50C450NS Google TV 3 HDMI 2 USB Wi-Fi - TB034M","R$ 2598,90"
"SYLVOX TV portátil de 15,6 polegadas, Smart TV pequena 1080p, bateria de 10.0000 mAh/6H, recarregável por bateria, IP66 à prova d'água, suporta download de aplicativos e controle de voz para trailer,",N/A
"Smart Super Big TV 98"" Crystal UHD 4K 98DU9000 2024 + AI TV 55"" Neo QLED 4K 55QN85D 2024 Combo","R$ 34198,10"
"Desobry TV portátil de 48.3 cm para acampamento, bateria de 8000 mAh, TV portátil para falta de energia, suporte ajustável de 180°, entrada HDMI 1080p, entrada AV, USB, TV pequena para cozinha,","R$ 2421,31"
"SAMSUNG UN32N5300AFXZA - TV LED inteligente de 32 polegadas, 1080p, cor preta, pacote de proteção melhorada CPS de 1 ano",N/A
"Conector de painel fêmea Hxchen de metal macho 12 mm GX12 Prata plugue de aviação, GX12-3P","R$ 113,38"
"TV com tela sensível ao toque portátil de 21,5 polegadas (Bluetooth/WiFi), 4G RAM + 64G ROM, câmera de 8 MP, tela totalmente rotativa e roda universal inferior, para entretenimento doméstico,","R$ 8703,44"
"Tablet portátil para TV, tela sensível ao toque de 32 polegadas, tela IPS giratória, USB, WiFi, para trabalho, estudo, treino, jogos","R$ 4592,57"
"Feihe Tv de Tela Plana de 19 Polegadas Integrada Em Sintonizadores Digitais Atsc, Tv LED 1080P com Porta Usb Hdmi Vga Av para Cozinha, Quarto, Trailer, Caravana, Camping, Exterior","R$ 2453,63"
Stick to Me Tv portátil 21.5 27 81.3 cm tela sensível ao toque academia jogos sala ao vivo Smart TV com rodas de rolagem removíveis,"R$ 4632,00"
"othoig TV portátil de 12,5 polegadas, TV pequena de cozinha de tela plana e entrada HDMI/USB e antena, cabo de carro de 12 volts / adaptador CA para trailer/acampamento (sem WiFi/Bluetooth/Satélite)","R$ 1400,60"
"Solu Módulo LCD de 3,3 V para Arduino UNO R3 Mega2560 16 X 2, 1602 Branco em Azul //Módulo LCD 3.3v 1602, Branco em Azul com Retroiluminação//3.3v 1602a 16 X 2 Linhas Branco Módulo LCD com Chartreuse","R$ 75,82"
Jexiop 17 acessórios de TV,"R$ 30,77"
"Desobry TV portátil de 48.5 cm para acampamento, bateria de 8000 mAh, TV portátil para falta de energia, suporte ajustável, entrada HDMI 1080p, entrada AV, USB, TV pequena para cozinha, quarto,",N/A
"TV com tela sensível ao toque rotativa (4G + 64G) - tela portátil sem fio de 21,5 polegadas TV externa + câmera e suporte de chão ajustável, Bluetooth/WiFi, TV universal para Android","R$ 8406,49"
"AI TV 65"" Neo QLED 4K 65QNX1 2024 + Soundbar HW-S800D Combo","R$ 11898,10"
"Patrocinado
Suporte Articulado de Parede para TVs de 14"" a 55"" – Ajuste Livre, Suporta até 30kg – Compatível com LED, LCD, Smart TV e Plasma","R$ 104,70"
"Patrocinado
Suporte Móvel Ajustável com Rodinhas Ideal para Geladeiras, Máquinas de Lavar e Móveis, Resistente, Reforçado, Até 200 Kg- Linha Premium","R$ 61,90"
"Patrocinado
Suporte TV Tri Articulado Universal de Parede Para Televisões de 26 a 60 Polegadas Feito em Aço Carbono Suporta 30KG (Triarticulado)","R$ 99,99"
Brooks Tênis de corrida masculino Beast GTS 23 Supportive,"R$ 1216,33"
"Desobry TV portátil de 46.0 cm para acampamento, bateria de 6000 mAh, TV portátil para falta de energia, suporte ajustável de 180°, entrada HDMI 1080p, entrada AV, USB, TV pequena para cozinha,",N/A
Smart TV 40” Britânia BTV40E3ERSGB Roku TV Led Dolby Audio,"R$ 1596,95"
Kit Lava E Seca Wd11M Inverter Branca 11/7Kg (220V E Aspirador Robô 2 Em 1 Com Wi-Fi Vr5000 Kit,"R$ 5038,00"
Meet John Doe 16x9 Widescreen Television,"R$ 149,69"
"Qzanyee Life Substituição de Tiras de Retroiluminação LED para Tv, 4 Unidades, para Tcl Tv 55S421 55S423 55S425 55D6 55F6 e para Toshiba Tv 55U3800C 55U3900C 55U5850C 4C-Lb5508-Hr02J 55Hr330M07B2 55Hr","R$ 679,60"
"Smart TV 98 polegadas QLED Super Big 4K 98Q80C 2023 + AI TV 55"" Neo QLED 4K 55QNX1 2024 Combo","R$ 42298,10"
"AI Big TV 85"" Neo QLED 8K 85QN800D 2024 + AI TV 55"" Neo QLED 4K 55QNX1 2024 Combo","R$ 56358,00"
"Smart TV 60"" UHD 4K 60DU7700 2024 + Soundbar HW-B550/ZD Combo","R$ 4998,00"
ASA Plotter fixo definitivo,"R$ 219,71"
Home Town Story 16x9 Widescreen TV.,"R$ 120,03"
Shogun's Ninja 16x9 Widescreen TV.,"R$ 144,71"
"Oh, Susanna 16x9 Widescreen TV.","R$ 120,01"
"Smart Super Big TV 98"" Crystal UHD 4K 98DU9000 2024 + AI TV 55"" Neo QLED 4K 55QN85D 2024 Combo","R$ 34198,10"
"Smart TV 55"" Crystal UHD 4K 55DU8000 2024 + Galaxy Buds3 Combo","R$ 3849,00"
"Smart TV 55"" Crystal UHD 4K 55DU8000 2024 + Soundbar HW-B550/ZD","R$ 4968,00"
"Samsung Combo Smart Big TV 75"" QLED 4K 75Q60D 2024 + Music Frame LS60D","R$ 9698,10"
Suporte de Mesa para Microfone Ângulo Ajustável à Prova de Choque Suporte de Braçadeira de Base de Microfone Preto Suporte de Braçadeira de Microfone Base Preta Fabricado Em ABS,"R$ 161,71"
Montagem de Clipe para Controlador 180 Suporte para Telefone Móvel para Gamepad Suporte para Telefone para Jogos Controlador de Telefone Celular para Controlador Gamepad,N/A
"Suporte de Parede Para TVs de 25""a 65"" com Peso até 50kg",N/A
"Suporte de Parede Para TVs de 32""a 43"" com Peso até 50kg",N/A
Amplificador de Controle Remoto de Substituição Adequado para Receptor AV VSX 519V K VSX 519V S Amplificador Adequado para Receptor AV VSX 519V K VSX,N/A
"SYLVOX TV portátil, Google TV de 15,6 polegadas, IP66 impermeável, Smart Television pequena 1080p com controle remoto Google Assistant | TV alimentada por bateria de 10000 mAh para cozinha, trailer e",N/A
"Monitor de Visão Traseira de Backup de Carro de 4,3 Polegadas 16 9 Monitor de Carro Colorido à Prova d'água Com Cabo V1 V2 para Carro SUV Van Truck Câmera de Estacionamento","R$ 241,41"
"Patrocinado
Suporte Articulado de Parede para TVs de 14"" a 55"" – Ajuste Livre, Suporta até 30kg – Compatível com LED, LCD, Smart TV e Plasma","R$ 104,70"
"Patrocinado
Suporte Móvel Ajustável com Rodinhas Ideal para Geladeiras, Máquinas de Lavar e Móveis, Resistente, Reforçado, Até 200 Kg- Linha Premium","R$ 61,90"
"Patrocinado
Suporte TV Tri Articulado Universal de Parede Para Televisões de 26 a 60 Polegadas Feito em Aço Carbono Suporta 30KG (Triarticulado)","R$ 99,99"
"othoig TV de tela plana portátil, TV de cozinha pequena de 12 polegadas com baterias-HDMI, USB, slot AV e antena, cabo de veículo de 12 volts, CA para trailer/acampamento","R$ 1150,91"
Trocador de Voz Ghostface Microfone Portátil Trocador de Voz Mini Dispositivo Portátil de Troca de Voz Com 8 Efeitos Sonoros para Chamadas Telefônicas Jogos Dispositivo Portátil,"R$ 219,51"
"Feihe - TV de 19 polegadas, visualização plana LED FHD de 1080p IPS com sintonizadores digitais duplos ATSC/HDMI/VGA/AV/USB, altifalantes duplos integrados de 12 volts, adequados para",N/A
Instalação independente Thermorelay UT-HZ18 UN-HZ12 UN-RM20,"R$ 785,31"
"32"" Tela Inteligente Sem Fio(Rotação Giratória Completa), Controle Remoto Por Voz+Monitor Portátil 1080p+48 Megapixels, Para Apk, Tv, Projeção De Tela Sem Fio, 81 * 68 * 22,5Cm",N/A
Tela Inteligente Sem Fio De 32'' | Controle Remoto Por Voz | Rotação Giratória Completa | Altura E ângulo Ajustáveis | Alta Resolução: 1080p | 48 Megapixels,N/A
"Supersonic SC-1520VTV TV LED inteligente AC/DC de 15,6 polegadas, alimentado por VIDAA, 1080p, WiFi, altifalantes integrados, USB, 3X HDMI ARC, para cozinha, RV, barco, camião, sala de jogos, câmara,","R$ 2193,42"
"Desobry TV pequena de 14,1 polegadas, TV portátil 1080p com antena, suporte para mini TV HDMI, USB, AV, TV LCD, sintonizador digital embutido, suporte de TV, alto-falantes duplos, TV operada por","R$ 1945,59"
Smart TV AIWA 65” GOOGLE TV 4K Comando de voz Dolby Vision&Atmos AWS-TV-65-BL-01-A,N/A
"SplitterPRO - Divisores digitais profissionais instalam em todo o divisor de cabo coaxial de 4 vias dos EUA, 1 GHz para HDTV e Internet de alta velocidade (não para conexões de antena parabólica)","R$ 118,89"
SONY PICTURES Resident Evil 1-6 UHD 4K completo,N/A
"SYLVOX TV portátil à prova d'água, chuveiro de 15,6 polegadas, Smart TV 1080p para banheiro, bateria recarregável de 10000 mAh (tempo de reprodução de 4-6h), IP66 impermeável, assistente de voz,",N/A
"Smart TV QLED 65"" 4K UHD Samsung QN65Q80A",N/A
"Desobry TV portátil de 18 polegadas com sintonizador digital ATSC, TV pequena com bateria embutida de 6000 mAh, monitor portátil com entrada HDMI 1080p, entrada AV, USB, TV pequena para acampamento,",N/A
Supersonic - Smart TV VIDAA de 24 polegadas com leitor de DVD (SC-2426SDVD),N/A
MONITOR TV LED 24 BRAZIL PC H240-T HOE PRETO,"R$ 997,27"
"DESOBRY TV portátil de 45.7 cm para acampamento, bateria de 6000 mAh, TV portátil para falta de energia, suporte embutido, tela portátil com entrada HDMI 1080p, entrada AV, USB, TV pequena para","R$ 2304,35"
"Samsung Smart Big TV 85"" QLED 4K 85Q70D 2024 + Smart TV 32” QLED The Frame 32LS03C Combo","R$ 14598,15"
"Samsung Smart TV 55"" QLED 4K 55Q65D 2024 + Music Frame","R$ 4999,00"
"Smart TV LED 65"" 4K UHD TCL 65P725 - Google TV, Wifi, HDMI",N/A
"Samsung AI Big TV 85"" Neo QLED 8K 85QN800D 2024 + Smart TV 43"" UHD 4K 43DU7700 2024 Combo","R$ 47548,10"
"Samsung Smart TV 98"" QLED Super Big 4K 98Q80C 2023 + AI Gaming TV 43"" Neo QLED 4K 43QN90D 2024","R$ 40898,10"
"Samsung AI TV 85"" Neo QLED 4K 85QN85D 2024 + Smart TV 32"" Tizen HD 32T4300","R$ 21248,10"
"Samsung AI TV 75"" Neo QLED 4K 75QN85D 2024 + Smart TV 32"" Tizen HD 32T4300","R$ 15848,10"
"Patrocinado
Suporte Articulado de Parede para TVs de 14"" a 55"" – Ajuste Livre, Suporta até 30kg – Compatível com LED, LCD, Smart TV e Plasma","R$ 104,70"
"Patrocinado
Suporte Móvel Ajustável com Rodinhas Ideal para Geladeiras, Máquinas de Lavar e Móveis, Resistente, Reforçado, Até 200 Kg- Linha Premium","R$ 61,90"
"Patrocinado
Suporte TV Tri Articulado Universal de Parede Para Televisões de 26 a 60 Polegadas Feito em Aço Carbono Suporta 30KG (Triarticulado)","R$ 99,99"
"Samsung AI TV 55"" Neo QLED 4K 55QN85D 2024 + Smart TV 32"" Tizen HD 32T4300","R$ 7118,10"
"Smart TV Toshiba UHD 4K 55"" QUANTUM DOT Alexa Wifi Integrado Bluetooth 3 HDMI 2 USB Toshiba - TB005",N/A
Tela Toshiba 32 Pol. 32v35kb Dled Hd Smart Vidaa – TB007,"R$ 1499,90"
"Samsung AI Gaming TV 65"" Neo QLED 4K 65QN90D 2024 + Music Frame","R$ 11999,00"
"Samsung Smart TV 55"" QLED 4K The Frame 55LS03D + Music Frame Combo","R$ 7698,00"
Fast Smart TV Philco PTV55M8GAGCMBL 55” 4K QLED Dolby Audio,N/A
Capa Compatível Para Modelo Smart Tv Philco 43,"R$ 34,67"
Smart TV DLED 50 4K Multi 3 HDMI 2 USB Wi-fi - TL032M,N/A
"Tv 85P Qled Smart, 4K, Wifi, Comando de Voz - Qn85Q70Aagxzd, Samsung Audio e Video",N/A
"Samsung Smart TV 85"" Neo QLED 8K QN800C 2023, Mini Led, Painel 120hz, Processador com IA Preto",N/A
Cartucho de fita Sony 400 GB AIT-5,N/A
Smart Tv 32'' Android 11 Bak Wifi 3 Hdmi 2 Usb Hd 60hz Premium - Bivolt,"R$ 1259,90"
"Smart TV, TV LED, alto-falantes HD Pixel Full Range, reprodução de mídia USB 2K HDR 8G RAM, 50 polegadas","R$ 9908,99"
"TV LED 4K de 40 polegadas de alta definição, som estéreo, projeção inteligente, desempenho poderoso do chip, qualidade de imagem nítida, espaço pequeno","R$ 11817,99"
"Quadro Decorativo com Moldura, 15x10cm, em Tripé ou Parede, Pintura Digital com Aspecto de Quadro à Óleo.",N/A
"Desobry TV pequena de 10 polegadas, TV portátil 1080p com antena destacável, mini TV com tela IPS, suporta HDMI, USB, RCA, sintonizador digital embutido, entradas AV, suporte de TV, alto-falante duplo",N/A
"TV pequena de 17 polegadas com entrada HDMI 1080p, TV portátil Desobry com sintonizador ATSC, TV recarregável operada por bateria, monitor portátil embutido, mini TV para quarto, cozinha, acampamento,","R$ 1521,88"
"TV Digital, Slot para Cartão de Memória TV Portátil de 10 Polegadas para Viagens (BROLEOkb6vazf5q2-01)",N/A
"Capa protetora contra poeira universal para TV LCD interna, protetor de tela de TV extensível de 32 a 85 polegadas para pendurar em mesa curva LED à prova de poeira capa de decoração de sala de estar",N/A
"Capa para TV de 82 a 86 polegadas, protetor de tela de TV à prova de poeira de cenário de primavera para LED LCD, decoração de quarto interno e sala de estar, capa contra poeira",N/A
"2 peças V6ER-550SMA-LED66_R2 V6ER-550SMB-LED66_R2 BN96-39601A BN96-39602A BN96-39595A BN96-39596A,BN96-39597 BN96-395988 A","R$ 231,52"
KIT 10 Tomada Tap Divisor 20db 5-1000mhz,N/A
Tomada Tap Divisor 9db 5-1000mhz,N/A
Tomada Tap Divisor 12db 5-1000mhz,N/A
"Patrocinado
Suporte Articulado de Parede para TVs de 14"" a 55"" – Ajuste Livre, Suporta até 30kg – Compatível com LED, LCD, Smart TV e Plasma","R$ 104,70"
"Patrocinado
Suporte Móvel Ajustável com Rodinhas Ideal para Geladeiras, Máquinas de Lavar e Móveis, Resistente, Reforçado, Até 200 Kg- Linha Premium","R$ 61,90"
"Patrocinado
Suporte TV Tri Articulado Universal de Parede Para Televisões de 26 a 60 Polegadas Feito em Aço Carbono Suporta 30KG (Triarticulado)","R$ 99,99"
Tomada Tap Divisor 20db 5-1000mhz,N/A
KIT 10 Tomada Tap Divisor 12db 5-1000mh z,N/A
Tomada Tap Divisor 16db 5-1000mhz,N/A
KIT 10 Tomada Tap Divisor 9db 5-1000mhz,N/A
"Landical 2 peças de almofada de montagem não penetrante, 94 x 94 cm, tapete protetor antiderrapante para montagem de antena de antena NPR Satellite TV, preto","R$ 383,06"
"Sea Stall World TV Cover Beach View TV Cover, 32-80 polegadas respirável poliéster antipoeira capa de pendurar para uso doméstico/desktop/capa curva para TV",N/A
"Smart Tv Samsung 98 4k Qled com Gaming Hub, Qn98q80cagxzd","R$ 32722,99"
"Motor De Aceleração Rápida Carb,Kit De Carburador ATV, Bombardier Outlander E Quest Com Filtro, Número OE 707200190, 707200230, Para Bombardier Outlander E Quest","R$ 552,29"
"Puxadores De Gaveta De Cristal - Hardware Moderno De Armário De Cozinha Para Armários, Estantes E Armários De Sapatos(D)","R$ 152,89"
"ATYME 24AM5DVD, 24 polegadas classe, 60Hz, 720p HD LED TV Flat DVD Combo TV, 1*USB, 2* HDMI, 1*VGA, leitor de DVD embutido canal duplo 6W monitor de televisão","R$ 1541,59"
"Alça de Ombro para Câmera, Fivela Larga de Metal Em Tecido de Poliéster Com Alça para Câmera (Laranja Branco Preto)","R$ 170,00"
"Alça de Ombro para Câmera, Fivela Larga de Metal Em Tecido de Poliéster Com Alça para Câmera (Preto Azul Branco)","R$ 169,03"
"Tapete de Dança, Almofada de Dança Macia para Evitar Deslizamento, 100 Músicas, 60 Jogos, Almofada de Dança de Uso Duplo para Computador de TV para Crianças e Adultos, Brinquedos",N/A
"Mini Amplificador de Voz, Função, Alto-falante para Celular, Gravação Recarregável, Mini Amplificador de Voz Portátil Multifuncional para Professor (Rosa ouro)",N/A
"Mini Amplificador de Voz, Função, Alto-falante para Celular, Gravação Recarregável, Mini Amplificador de Voz Portátil Multifuncional para Professor (Preto)",N/A
"Glomora TV Em Miniatura Para Casa De Bonecas Escala 1:12, Controle Remoto Incluído, Ideal Para Decoração De Casa, Adereços Fotográficos E Presentes","R$ 123,89"
"Puxadores De Gaveta De Acrílico – Puxadores De Gabinete Elegantes Para Cozinha, Banheiro E Muito Mais(C)","R$ 165,49"
"Suporte de Telefone Celular, Suporte de Telefone de Metal, Almofada Antiderrapante de Liga de Alumínio Estável e Seguro para Desktop (Verde)",N/A
"Suporte de Telefone Celular, Suporte de Telefone de Metal, Almofada Antiderrapante de Liga de Alumínio Estável e Seguro para Desktop (Prata)",N/A
"Smart TV 32"", TV LED 4k Ultra Hd, Cobertura 99% S RGB, HDR, Cinema Dolby Vision E Atmos,versão Web De 42 Polegadas,Collector88","R$ 3767,99"
"OKJHFD Lâmina Giratória De Cerâmica Para Artesanato Em Couro, Faça Você Mesmo, Lâmina Giratória De Couro Cerâmico Oblíqua Faca De 8 Mm Ferramenta De Artesanato Em Couro Branco Lâmina Giratória Para Es",N/A
"Emerson Televisão LED Full HD Classe 40""",N/A
Emerson Televisão LED Class HD de 24 polegadas,N/A
"othoig TV pequena de 15,6 polegadas, tela plana FHD IPS 1080p com antena e sintonizador digital ATSC, HDMI/USB/VGA/porta, cabo carregador de carro de 12 volts/alimentação CA para cozinha e caravana","R$ 1928,52"
"Patrocinado
Suporte Articulado de Parede para TVs de 14"" a 55"" – Ajuste Livre, Suporta até 30kg – Compatível com LED, LCD, Smart TV e Plasma","R$ 104,70"
"Patrocinado
Suporte Móvel Ajustável com Rodinhas Ideal para Geladeiras, Máquinas de Lavar e Móveis, Resistente, Reforçado, Até 200 Kg- Linha Premium","R$ 61,90"
"Patrocinado
Suporte TV Tri Articulado Universal de Parede Para Televisões de 26 a 60 Polegadas Feito em Aço Carbono Suporta 30KG (Triarticulado)","R$ 99,99"
"Suporte para Telefone de Mesa, Almofada Antiderrapante para Elevação, Ajuste de ângulo Dobrável, Suporte para Celular Inabalável para Transmissão Ao Vivo (Preto)",N/A
"Revestimento Central do Console, Design de Peça única de PVC à Prova de Poeira Profissional, Resistente a Arranhões, Fácil de Limpar, Adesivo Central do Console para Acessórios",N/A
"Alça de Ombro para Câmera, Tecido Texturizado luxuoso. Correia da Câmera, Ajustável para Uso Ao Ar Livre (Laranja Branco Preto)",N/A
"Pele Intermediária do Console, Resistência a Arranhões Fácil de Instalar Design de Uma Peça Adesivo Médio Profissional para Acessórios de Console de Jogos (Cinza)",N/A
Kit régua de LED TV LG 32LB550B - AGF78400001,"R$ 94,90"
"Monitor de Computador de 24 Polegadas, Anti-interferência Display LCD de 24 Polegadas 1920 X 1080 Resolução HD 16:10 para Câmera de Vigilância (plugue da ue)",N/A
"TV Ultra HD 4K+HDR De 32 Polegadas, Smart TV, WIFI, HDMI, USB, Alto-falante Frontal Independente, Controle De Voz, Borda Estreita De Metal, Adequado Para Hotel, Quarto,Tela Perfeita Ultra Nítida D","R$ 2820,99"
"Dance Step Pad, 60 jogos Dance mat Vestível Macio 100‑240 V para Computador para TV para Crianças (plugue americano)",N/A
"Prismas De Candelabro De Cristal BORDSTRACT, Decoração De Pingente De Pêndulo Para Fazer Arco-íris, Decoração Para Casa, Ornamento Para Pendurar","R$ 196,39"
"Protetores de Braço de Kickboxing, 1 par de Substituição de Espuma EVA, Fino Acabamento, Protetores de Braço de Taekwondo Engrossados, Flexíveis para Homens para Competição","R$ 282,97"
"Fato de Fotografia de Corpo Inteiro Azul, Lavável Fotografia de Corpo Inteiro Zíper Invisível para Filmagem Pós-Produção (160cm)",N/A
"GTUOXIES 100 polegadas 4K UHD TV Full Array LED Super Screen Stunning Display High Dynamic Range And High Brilho Interface versátil 100"" diagonal para casa e negócios (100 Inches)","R$ 44990,00"
"Desobry 17 Inch Small TV with 1080P HDMI Input, Portable TV with Antenna ATSC Tuner, Rechargeable Battery Operated TV Portable Monitor Built-in TV Stand, Mini TV for Bedroom, Kitchen, Camping, RV","R$ 900,00"
"Smart TV 48"" 4K LG OLED48C3PSA evo 120Hz G-Sync FreeSync Bluetooth ThinQ AI Alexa Google 4HDMI",N/A
"Puxador Acrílico De Cristal BORDSTRACT, Gaveta De Acrílico De Furo único, Gaveta De Armário De Acrílico Transparente, Ferragem De Armário Para Armários De Cozinha, Cômoda(Hole Spacing 128 Silver)","R$ 972,69"
"de 19 Polegadas, de 17 Polegadas, Ane TV STAR 13 Polegadas ATSC TV Digital Portátil HD Telen para Carro Cam US Plug 110-220V","R$ 1356,61"
"Carretel de Coleta Vazio, Carretel Vazio de 7 Polegadas, Resistência à Curvatura de 3 Furos para Toca-fitas Bobina a Bobina (Prata)",N/A
"Correia de câmera de cinto, fivela de metal, tecido de poliéster, acessório de fotografia, alça de ombro para viajar","R$ 169,91"
"TV Digital, 1080p Casa Dobrável Portátil TV Portátil (7 polegadas)",N/A
"TV Digital, 1080p Casa Dobrável Portátil TV Portátil (10 polegadas)","R$ 2988,60"
Instalação e Configuração de TV com até 42'' - Relpi.Me,"R$ 271,10"
GuuYebe BN96-32771A BN96-32772A Tiras LED para UA58H5288 UE58H5205 UE58J5202 UN58H5203 UA58J5000AK UE58J5250 UE58J5270 CY-HH0550 8BGNV1 H LM41-00091F 00091G DMGE-580SMA-R3 2014SVS58,"R$ 382,52"
Kit de carburador ATV com filtro KLF300 Carburador para Kawasaki BAYOU 300 KLF 300 1986-1995 1996-2005 Carb com gás combustível Petcock Valve Switch Pump,"R$ 508,58"
"Barra de luz LED RGBIC DIY Smart Dream Color, luz ambiente de luz de parede de combinação criativa, emenda modular DIY, presente para jogos de barra em casa (Color : 12Pack)
LED","R$ 733,71"
"Patrocinado
Suporte Articulado de Parede para TVs de 14"" a 55"" – Ajuste Livre, Suporta até 30kg – Compatível com LED, LCD, Smart TV e Plasma","R$ 104,70"
"Patrocinado
Suporte Móvel Ajustável com Rodinhas Ideal para Geladeiras, Máquinas de Lavar e Móveis, Resistente, Reforçado, Até 200 Kg- Linha Premium","R$ 61,90"
"Patrocinado
Suporte TV Tri Articulado Universal de Parede Para Televisões de 26 a 60 Polegadas Feito em Aço Carbono Suporta 30KG (Triarticulado)","R$ 99,99"
"Conjunto de painéis de luz ambiente de triângulos inteligentes, luz de parede LED de decoração criativa modular DIY, música de sincronização, ideal para jogos de bar e café de decoração de festa (Col","R$ 345,00"
9.8 polegadas 16:9 widescreen 270° tela lcd rotativa casa carro tv leitor de dvd portátil vcd disco compacto visualizador mp3 com função de jogo,"R$ 1494,89"
KKcare D14 14 polegadas ATSC Digital TV Player TV portátil Car Television Multimedia Player Rádio FM Cartão SD U Disk Playback com controle remoto,"R$ 3460,99"
"10 peças EAV63632405 EAV63632406 EAV63673005 Fita de retroiluminação LED para 55LJ55_FHD 55UJ63_UHD 55LJ63_UHD 55UJ6300-UA 55UJ55 55LJ5500-UA HL-HL-10 unidades 995500 Substituição A30-0401A-01
LED","R$ 362,91"
"BN96-36236A UN32J5205 UN32J4000AF V5DN-320SM1-R2 UN32J4000 UN32J4000AFXZA UN32J5003 UN32J5003AFXZA UE32J5200 UE32200 J50000 Tiras de retroiluminação LED para Samsung V5DN 320SM1 R2 30555 LM41-00134A
LED","R$ 239,01"
"2 pacotes com núcleo de alto-falante original, alto-falante de TV BN96-20054A sem capa para TVs SAMSUNG UA60D8000YJ UA65D6600YJ","R$ 247,34"
Dreamscreens Transforma sua TV em uma galeria de arte (Dream Impressionism 4K),"R$ 408,56"
130 cm Alto Brilhante 24/7 3K NIT,N/A
"Moldura para Smart TV 85"" The Frame 2021 e 2022 Bege","R$ 399,00"
"othoig TV de 17 polegadas, pequena televisão LED de visualização larga com antena, canais locais HD sem sintonizador ATSC digital, porta USB VGA HDMI, cabo carregador de 12 volts/TV de","R$ 1787,98"
Webcam empresarial Full HD certificada pelo Zoom™ - DVY32,"R$ 3999,00"
"OpenMV TV Shield, SingTown, NTSC Video Transmit AV Monitor, Apply to OpenMV Cam H7 Plus, OpenMV Cam H7, OpenMV Cam M7, OpenMV Cam H7 R2","R$ 189,74"
"Leitor ATSC D14, D14 14 polegadas ATSC Digital TV Player TV portátil Carro Televisão Player Rádio FM Cartão SD U Disco Reprodução com Controle Remoto","R$ 3460,99"
"Tela UHD para TV comercial Samsung de 65 polegadas, 700 NIT",N/A
"Samsung 75 polegadas Commercial TV UHD Display, 700 NIT",N/A
Westinghouse TV HD de 24 polegadas,"R$ 1423,86"
"Modulador UHF, modulador de TV de material premium resistente ao desgaste. Artesanato fino para equipamentos digitais para leitores de DVD para jogos","R$ 341,67"
"Áudio e vídeo para modulador UHF RF, modulador de TV de aparência elegante resistente ao desgaste para leitores de DVD para equipamentos digitais para jogos","R$ 341,66"
"Supersonic SC-2416STV 24"" DLED HD Smart TV com ATSC e NTSC integrado","R$ 2292,71"
"Trava para RV, Trava para barco redonda incorporada para uso doméstico para a porta",N/A
Curso on-line em videoaula de Manutenção em TV de LED com Certificado,"R$ 199,00"
"Liga de alumínio, conector, prata, durável, conector hexadecimal RC, para modelo de carro RC(azul)",N/A
"Frame My TV Deco TV Frames Alloy Scoop - Moldura prata alemã compatível apenas com Samsung The Frame TV (81.3 cm, serve para 2021-2025 Frame TV)",N/A
Suporte Articulado 4 Mov Smart Tv Android 43 Semp Toshiba,"R$ 119,00"
"Patrocinado
Suporte Articulado de Parede para TVs de 14"" a 55"" – Ajuste Livre, Suporta até 30kg – Compatível com LED, LCD, Smart TV e Plasma","R$ 104,70"
"Patrocinado
Suporte Móvel Ajustável com Rodinhas Ideal para Geladeiras, Máquinas de Lavar e Móveis, Resistente, Reforçado, Até 200 Kg- Linha Premium","R$ 61,90"
"Patrocinado
Suporte TV Tri Articulado Universal de Parede Para Televisões de 26 a 60 Polegadas Feito em Aço Carbono Suporta 30KG (Triarticulado)","R$ 99,99"
"NEC E328 E-Series - Tela LCD retroiluminada por LED de 32"" - Full HD","R$ 6157,63"
Oak and Reed Halteres hexagonais DB20538 / DB2-0538 900 g,"R$ 118,62"
Chicago Med: Season Four,"R$ 154,77"
Tela 32 Pol. HD Smart Multilaser Entradas (Sem conversor digital) - TL014,"R$ 1449,00"
Lp Tieta - Trilha Sonora Original,N/A
Kimaru Cabo de alimentação para televisão Samsung LG TCL Sony LED LCD Insignia Sharp Toshiba JVC Hisense Electronics (cabo de 4 pés),"R$ 98,85"
"Wendry Placa de substituição para LCD do motorista, alça de luz de LED LCD para TV com luz de fundo, kit de entrada de 11 a 30 V para todas as marcas e modelos de TVs LCD de 10 a 48 polegadas",N/A
"Raz Importações férias água Lanternas 10"" TV de Água de Santa Expresso Musical Lighted Enviado dos EUA","R$ 775,50"
Etna 5200 Canil pop-up – Estampas de patas,N/A
Texas Instruments 84CESC/PWB/1L1 84plusce Ezspot Slidecase 10 unidades,N/A
MedeaWiz Hydra I/O Expansor para Sprite,"R$ 861,71"
"Fox Racing MX20 Airspace masculino/Main 45 mm Sistema de visão total (LEXAN) - INTL, cinza claro, tamanho único","R$ 370,85"
"LG 32Lm570Bpua Classe 720P Smart LED HD TV (2019) Preto 32""",N/A
"303,195 Audiovision",N/A
Módulo de temperatura Texas Instruments Pacote com 5,N/A
"ATYME 320GM5HD, classe de 32 polegadas, 60Hz, tela plana HDTV LED 720p, 1 USB, 3 HDMI, 1 VGA, ARC",N/A
Remo+ Campainha WiFi interna - campainha sem fio inteligente com controle de volume e vários toques - Conectividade perfeita para segurança doméstica,"R$ 299,93"
Placa de parede HDMI Cable Matters com tomada coaxial (placa de parede coaxial) em branco,"R$ 126,56"
"Tela digital portátil DVB-T2 TFT HD de 14 polegadas, TV LED Freeview para carro, caravana, acampamento, ao ar livre, cozinha. Bateria embutida de 4000 mAh para televisão/monitor com leitor multimídia","R$ 1700,16"
"Conjunto de lentes Biconvex, lentes de vidro Pop-Tech Bi-Convex 34 mm de diâmetro, 45 mm de comprimento focal, lentes para Google Cardboard VR","R$ 140,29"
"Raz Imports Happy HollyDays 25,4 cm TV musical animada sortidas de 2","R$ 939,83"
Netgear XAVB1004 Kit de conexão à Internet para Home Theater,"R$ 260,15"
"ICC - icc-icacspdt4p - ferramenta, 110 punchdown, 4 pares",N/A
"915,385 Viaweb natural",N/A
"Patrocinado
Suporte Articulado de Parede para TVs de 14"" a 55"" – Ajuste Livre, Suporta até 30kg – Compatível com LED, LCD, Smart TV e Plasma","R$ 104,70"
"Patrocinado
Suporte Móvel Ajustável com Rodinhas Ideal para Geladeiras, Máquinas de Lavar e Móveis, Resistente, Reforçado, Até 200 Kg- Linha Premium","R$ 61,90"
"Patrocinado
Suporte TV Tri Articulado Universal de Parede Para Televisões de 26 a 60 Polegadas Feito em Aço Carbono Suporta 30KG (Triarticulado)","R$ 99,99"
"SuperSonic SC-1311H LED Widescreen HDTV 13,3"" tela plana com compatibilidade USB, leitor de cartão SD, entrada HDMI e AC/DC: redução de ruído digital integrada e cabo HDMI incluído",N/A
"Supersonic HDTV SC-2212 de 22 polegadas com impressionante qualidade 1080p, cores vibrantes, leitor de DVD, HDMI, USB, monitor de PC e compatibilidade AC/DC - TV perfeita para RV e cozinha","R$ 1858,41"
Embryo 16x9 Widescreen Television,"R$ 142,36"
David Copperfield 16x9 Widescreen TV.,"R$ 121,47"
Klansman 16x9 Version Widescreen TV,"R$ 122,26"
The Outlaw: 16x9 Widescreen TV,"R$ 101,33"
Cama box casa de espuma com certificação do inmetro e 1 ano de garantia,N/A
"Apple TV Portable Genius
Edição Inglês
por Guy Hart-Davis",N/A
"Smart Big TV 85"" Crystal UHD 4K 85DU8000 2024 + Soundbar HW-Q600C Combo","R$ 10378,10"
"Smart TV 43"" Crystal UHD 4K 43DU8000 2024 + Galaxy Buds FE Combo","R$ 2309,00"
"Smart TV 50"" Crystal UHD 4K 50DU8000 2024 - Galaxy Buds FE Combo","R$ 2739,00"
"LG ZENLTC24380ST SUPORTE,CAPA TV","R$ 211,34"
LG EBR74825301 Montagem Pcb de inserção manual,"R$ 2397,81"
"Smart Big TV 85"" Crystal UHD 4K 85DU8000 2024 + Soundbar HW-S800D Combo","R$ 11178,10"
LG Suporte MJH40310801,"R$ 243,94"
The Painted Desert 16x9 widescreen TV.,"R$ 144,71"
"Smart TV 55"" Crystal UHD 4K 55DU8000 2024 + Galaxy Buds FE Combo","R$ 3049,00"
"Smart TV 65"" UHD 4K 65DU7700 2024 + Soundbar HW-B550 Combo","R$ 5146,10"
Hittin' The Trail 16x9 Widescreen TV.,"R$ 144,71"
Dog Day 16x9 Widescreen TV.,"R$ 144,71"
Voyage To Prehistric Plant Widescreen Television,"R$ 144,71"
Sony Base de suporte SONKDL55NX720 (LL1),"R$ 1173,06"
Audiovox FPE1908 19 polegadas LCD HDTV,"R$ 4433,25"
Audiovox FPE2208 HDTV LCD de 22 polegadas,"R$ 5606,91"
"Patrocinado
Suporte Articulado de Parede para TVs de 14"" a 55"" – Ajuste Livre, Suporta até 30kg – Compatível com LED, LCD, Smart TV e Plasma","R$ 104,70"
"Patrocinado
Suporte Móvel Ajustável com Rodinhas Ideal para Geladeiras, Máquinas de Lavar e Móveis, Resistente, Reforçado, Até 200 Kg- Linha Premium","R$ 61,90"
"Patrocinado
Suporte TV Tri Articulado Universal de Parede Para Televisões de 26 a 60 Polegadas Feito em Aço Carbono Suporta 30KG (Triarticulado)","R$ 99,99"
Audiovox FPE2608 HDTV LCD de 26 polegadas,"R$ 7624,47"
"Sony Bravia S-Series KDL-26S3000/P 720p LCD HDTV, rosa","R$ 9002,45"
Leisure Time JE1912LEDR TV LCD LED 12V para RV,"R$ 4149,74"
"DVB-T : terestricka digitalna televizija
Edição Sérvio",N/A
"Tela 40 Pol. FHD, Smart E Wifi Integrado, Sistema Android, Dolby Audio, Google assistente, loja de app, HDMI + USB + RJ45 + AV Multilaser - TL045",N/A
Tela sensível ao toque MT6071iE,"R$ 2366,14"
"Alça de Ombro para Câmera, Fivela Larga de Metal Em Tecido de Poliéster Com Alça para Câmera (Preto Ouro Branco)","R$ 169,01"
"Almofadas de Absorção de Choque de áudio, Pés de Suporte de Isolamento de Alto-falante de Processamento CNC Leve para Amplificador de Som (Preto)","R$ 313,28"
Wayne's World [4K Ultra HD],N/A
Tela 39 Pol HD sem Conversor Digital Entradas Hdmi + Usb + Av Multilaser – TL033,N/A
Tela 39 Pol HD sem Conversor Digital Entradas Hdmi + Usb + Av Multilaser – TL033,N/A
Tela Toshiba QLED Display 65 Pol. 65M550KB Quantum Dot 4K Smart VIDAA HDR – TB002,N/A
Capa de Mala Personalizada Show de Estrelas M,N/A
"Patrocinado
Suporte Articulado de Parede para TVs de 14"" a 55"" – Ajuste Livre, Suporta até 30kg – Compatível com LED, LCD, Smart TV e Plasma","R$ 104,70"
"Patrocinado
Suporte Móvel Ajustável com Rodinhas Ideal para Geladeiras, Máquinas de Lavar e Móveis, Resistente, Reforçado, Até 200 Kg- Linha Premium","R$ 61,90"
"Patrocinado
Suporte TV Tri Articulado Universal de Parede Para Televisões de 26 a 60 Polegadas Feito em Aço Carbono Suporta 30KG (Triarticulado)","R$ 99,99"
